Commodity,Date,Quality,Location,Price (per kg)
Coriander,14-Jul,"Coriander Seeds Eagle,GST & Freight extra at actual",Pratapgarh(Rajasthan),75
Coriander,14-Jul,"Coriander Seeds Badami,GST & Freight extra at actual",Pratapgarh(Rajasthan),67
Cumin seeds,14-Jul,Singapore 99,Pratapgarh(Rajasthan),640
Turmeric,14-Jul,Turmeric powder Curcumin content- around 3 % Moisture- less than5%,Sangli(Maharashtra),123
Dry Chilli,14-Jul,Teja Stem,Guntur(Andhra Pradesh),245
Dry Chilli,14-Jul,Teja stem less,Guntur(Andhra Pradesh),345
Dry Chilli,14-Jul,Teja Stem Cut,Guntur(Andhra Pradesh),285
Dry Chilli,14-Jul,Sannam with stem,Guntur(Andhra Pradesh),240
Dry Chilli,14-Jul,Sannam stem less,Guntur(Andhra Pradesh),280
Dry Chilli,14-Jul,Syngenta Bydigi Stem,Guntur(Andhra Pradesh),220
Dry Chilli,14-Jul,Syngenta Bydigi Stem less,Guntur(Andhra Pradesh),280
Turmeric,14-Jul,1.5 % Powder,Unjha / Mundra Delivery,56
Turmeric,14-Jul,2 % Powder,Unjha / Mundra Delivery,66
Turmeric,14-Jul,2.5 Powder,Unjha / Mundra Delivery,71
Turmeric,14-Jul,3 % Powder,Unjha / Mundra Delivery,81
Turmeric,14-Jul,Yellow Powder,Unjha / Mundra Delivery,43
Turmeric,14-Jul,Orange Powder,Unjha / Mundra Delivery,45
Dry Chilli,14-Jul,Chilli Flakes (Low),Unjha / Mundra Delivery,195
Dry Chilli,14-Jul,Chilli Flakes (Medium),Unjha / Mundra Delivery,280
Dry Chilli,14-Jul,Chilli Flakes (Reguler),Unjha / Mundra Delivery,250
Dry Chilli,14-Jul,Chilli Flakes (Deluxe),Unjha / Mundra Delivery,350
Dry Chilli,14-Jul,Chilli Flakes (Reguler),Unjha / Mundra Delivery,240
Dry Chilli,14-Jul,M Lower (M Lower),Unjha / Mundra Delivery,205
Dry Chilli,14-Jul,Medium Grade,Unjha / Mundra Delivery,120
Dry Chilli,14-Jul,Chilli Powder Lower Grade,Unjha / Mundra Delivery,100
Dry Chilli,14-Jul,Chilli Powder Medium Lower,Unjha / Mundra Delivery,120
Dry Chilli,14-Jul,CHILLI POWDER (60 ASTA / 70k SHU ),Unjha / Mundra Delivery,245
Dry Chilli,14-Jul,CHILLI POWDER (60 ASTA / 30k SHU),Unjha / Mundra Delivery,225
Cumin seeds,14-Jul,Singapore 99,Kanpur(Uttar Pradesh),690
Dry Chilli,14-Jul,Dehydrated Red Chilli powder,Shirdi(Maharashtra),250
Cumin seeds,14-Jul,Dehydrated Cumin powder,Shirdi(Maharashtra),360
Turmeric,14-Jul,1%,Shirdi(Maharashtra),80
Turmeric,14-Jul,1.50%,Shirdi(Maharashtra),90
Turmeric,14-Jul,2%,Shirdi(Maharashtra),95
Turmeric,14-Jul,2.50%,Shirdi(Maharashtra),100
Turmeric,14-Jul,3%,Shirdi(Maharashtra),105
Turmeric,14-Jul,4%,Shirdi(Maharashtra),115
Turmeric,14-Jul,5%,Shirdi(Maharashtra),130
Turmeric,14-Jul,Turmeric powder best quality,Baroda(Gujarat),100
Dry Chilli,14-Jul,Chilli powder,Baroda(Gujarat),280
Dry Chilli,14-Jul,Chilli flake,Baroda(Gujarat),290
Turmeric,14-Jul,Turmeric finger,Baroda(Gujarat),110
Coriander,14-Jul,Coriander seeds,Baroda(Gujarat),110
Coriander,14-Jul,Coriander powder,Baroda(Gujarat),100
Cumin seeds,14-Jul,Cumin Seeds Singapore 99,Baroda(Gujarat),600
Cumin seeds,14-Jul,Cumin Seeds Powder,Baroda(Gujarat),400
Turmeric,14-Jul,Turmeric Finger Selum,Nanded(Maharashtra),100
Turmeric,14-Jul,Bulb Selum Premium Export Quality,Nanded(Maharashtra),90
Coriander,14-Jul,Eagle,Rajkot(Gujarat),74
Coriander,14-Jul,Eagle plus,Rajkot(Gujarat),76
Coriander,14-Jul,Scooter,Rajkot(Gujarat),83
Coriander,14-Jul,Scooter plus,Rajkot(Gujarat),85
Coriander,14-Jul,Single parrot,Rajkot(Gujarat),95
Turmeric,14-Jul,Double polished turmeric finger + Gst,Behrampur(Odissa),65-69
Cumin seeds,14-Jul,Farmers Grade,Madhavpur(Gujarat),490
Cumin seeds,14-Jul,Cumin Seeds Singapore 99,Madhavpur(Gujarat),580
Cumin seeds,14-Jul,Domestic Quality,Unjha(Gujarat),460
Coriander,14-Jul,Quality Scooter,Mundra-port(Gujarat),98
Turmeric,14-Jul,"Turmeric powder,Curcumin content- 1%",Deesa(Gujarat),50
Turmeric,14-Jul,"Turmeric powder,Curcumin content- 1.5%",Deesa(Gujarat),65
Turmeric,14-Jul,"Turmeric powder,Curcumin content- 2%",Deesa(Gujarat),75
Turmeric,14-Jul,"Turmeric powder,Curcumin content- 2.5%",Deesa(Gujarat),82
Turmeric,14-Jul,"Turmeric powder,Curcumin content- 3%",Deesa(Gujarat),90
Turmeric,14-Jul,"Turmeric powder,Curcumin content- 4%",Deesa(Gujarat),105
Turmeric,14-Jul,"Turmeric powder,Curcumin content- 5%",Deesa(Gujarat),120
Dry Chilli,14-Jul,Chilli Powder (Kashmiri),Deesa(Gujarat),500-800
Dry Chilli,14-Jul,Chilli Powder (A Grade),Deesa(Gujarat),300
Dry Chilli,14-Jul,Chilli Powder (B Grade),Deesa(Gujarat),290
Dry Chilli,14-Jul,Chilli Powder (C Grade),Deesa(Gujarat),250
Dry Chilli,14-Jul,Chilli Powder (D Grade),Deesa(Gujarat),160
Dry Chilli,14-Jul,Chilli Powder (Russia Grade),Deesa(Gujarat),110-140
Dry Chilli,14-Jul,Chilli Flakes (Low),Deesa(Gujarat),200
Dry Chilli,14-Jul,Chilli Flakes (Medium),Deesa(Gujarat),230
Dry Chilli,14-Jul,Chilli Flakes (Reguler),Deesa(Gujarat),250
Dry Chilli,14-Jul,Chilli Flakes (Deluxe),Deesa(Gujarat),290
Cumin seeds,14-Jul,Cumin Powder (Premium),Deesa(Gujarat),490
Cumin seeds,14-Jul,Cumin Powder (Medium),Deesa(Gujarat),410
Cumin seeds,14-Jul,Cumin Powder (Regular),Deesa(Gujarat),370
Cumin seeds,14-Jul,Cumin Powder (Low),Deesa(Gujarat),130-300
Coriander,14-Jul,Coriander Powder (Premium),Deesa(Gujarat),100
Coriander,14-Jul,Coriander Powder (Medium),Deesa(Gujarat),90
Coriander,14-Jul,Coriander Powder (Regular),Deesa(Gujarat),80
Coriander,14-Jul,Coriander Powder (Low),Deesa(Gujarat),55-60
Dry Chilli,14-Jul,SANIYA SUPER DELUX WITH STEM,Jodhpur(Rajasthan),270
Dry Chilli,14-Jul,SANIYA SUPER DELUX WITHOUT STEM,Jodhpur(Rajasthan),330
Dry Chilli,14-Jul,REVA SUPER DELUX WITH STEM,Jodhpur(Rajasthan),300
Dry Chilli,14-Jul,PUNJAB AVERAGE BEST WITH STEM,Jodhpur(Rajasthan),150
Dry Chilli,14-Jul,WONDERHOT SUPER DELUX WITH STEM,Jodhpur(Rajasthan),360
Dry Chilli,14-Jul,WONDERHOT SINGAL PATTI WITH STEM,Jodhpur(Rajasthan),330
Dry Chilli,14-Jul,TURMARIC NIZAMABAD DOUBLE POLICE GATHA,Jodhpur(Rajasthan),105
Dry Chilli,14-Jul,TURMARIC SALEM SINGAL POLICE FALI,Jodhpur(Rajasthan),980
Dry Chilli,14-Jul,TURMARIC NIJAMABAD DOUBLE POLICE,Jodhpur(Rajasthan),103
Cumin seeds,14-Jul,Extra bold + 5% GST,Unjha(Gujarat),668
Cumin seeds,14-Jul,Diamond + 5% GST,Unjha(Gujarat),648
Cumin seeds,14-Jul,Bombay bold + 5% GST,Unjha(Gujarat),633
Cumin seeds,14-Jul,Jupiter + 5% GST,Unjha(Gujarat),623
Cumin seeds,14-Jul,Vivo + 5% GST,Unjha(Gujarat),613
Coriander,14-Jul,Bold Eagle + 5% GST,Unjha(Gujarat),73
Coriander,14-Jul,Bold Eagle plus + 5% GST,Unjha(Gujarat),77
Coriander,14-Jul,Bold Scooter + 5% GST,Unjha(Gujarat),80
Coriander,14-Jul,Bold Scooter plus + 5% GST,Unjha(Gujarat),82
Coriander,14-Jul,Bold Diamond + 5% GST,Unjha(Gujarat),92
Coriander,14-Jul,Bold Singal parrot + 5% GST,Unjha(Gujarat),100
Coriander,14-Jul,Split Eagle + 5% GST,Unjha(Gujarat),65
Coriander,14-Jul,Split Eagle plus + 5% GST,Unjha(Gujarat),68
Coriander,14-Jul,Split Scooter + 5% GST,Unjha(Gujarat),87
Coriander,14-Jul,Small Eagle plus(royal) + 5% GST,Unjha(Gujarat),77
Coriander,14-Jul,Small Scooter (seven star)+ 5% GST,Unjha(Gujarat),90
Coriander,14-Jul,Small Single parrot (ever green) + 5% GST,Unjha(Gujarat),126
Coriander,14-Jul,Badami loose,Ramganj-Mandi(Rajasthan),50-61
Coriander,14-Jul,Eagle loose,Ramganj-Mandi(Rajasthan),63-70
Coriander,14-Jul,Scooter loose,Ramganj-Mandi(Rajasthan),70-78
Coriander,14-Jul,Single parrot,Ramganj-Mandi(Rajasthan),78-90
Coriander,14-Jul,Double parrot and extra green,Ramganj-Mandi(Rajasthan),95+
Coriander,14-Jul,Dal(Eagle),Ramganj-Mandi(Rajasthan),70
Coriander,14-Jul,Eagle,Ramganj-Mandi(Rajasthan),77
Coriander,14-Jul,Scooter,Ramganj-Mandi(Rajasthan),100
Coriander,14-Jul,Single parrot,Ramganj-Mandi(Rajasthan),115
Cumin seeds,14-Jul,Singapore 99,Udaipur(Rajasthan),635
Cumin seeds,14-Jul,Singapore 99,Shirdi(Maharashtra),680
Coriander,15-Jul,"Coriander Seeds Eagle,GST & Freight extra at actual",Pratapgarh(Rajasthan),75
Coriander,15-Jul,"Coriander Seeds Badami,GST & Freight extra at actual",Pratapgarh(Rajasthan),67
Cumin seeds,15-Jul,Singapore 99,Pratapgarh(Rajasthan),640
Turmeric,15-Jul,Turmeric powder Curcumin content- around 3 % Moisture- less than5%,Sangli(Maharashtra),123
Dry Chilli,15-Jul,Teja Stem,Guntur(Andhra Pradesh),245
Dry Chilli,15-Jul,Teja stem less,Guntur(Andhra Pradesh),345
Dry Chilli,15-Jul,Teja Stem Cut,Guntur(Andhra Pradesh),285
Dry Chilli,15-Jul,Sannam with stem,Guntur(Andhra Pradesh),240
Dry Chilli,15-Jul,Sannam stem less,Guntur(Andhra Pradesh),280
Dry Chilli,15-Jul,Syngenta Bydigi Stem,Guntur(Andhra Pradesh),220
Dry Chilli,15-Jul,Syngenta Bydigi Stem less,Guntur(Andhra Pradesh),280
Turmeric,15-Jul,1.5 % Powder,Unjha / Mundra Delivery,56
Turmeric,15-Jul,2 % Powder,Unjha / Mundra Delivery,66
Turmeric,15-Jul,2.5 Powder,Unjha / Mundra Delivery,71
Turmeric,15-Jul,3 % Powder,Unjha / Mundra Delivery,81
Turmeric,15-Jul,Yellow Powder,Unjha / Mundra Delivery,43
Turmeric,15-Jul,Orange Powder,Unjha / Mundra Delivery,45
Dry Chilli,15-Jul,Chilli Flakes (Low),Unjha / Mundra Delivery,195
Dry Chilli,15-Jul,Chilli Flakes (Medium),Unjha / Mundra Delivery,280
Dry Chilli,15-Jul,Chilli Flakes (Reguler),Unjha / Mundra Delivery,250
Dry Chilli,15-Jul,Chilli Flakes (Deluxe),Unjha / Mundra Delivery,350
Dry Chilli,15-Jul,Chilli Flakes (Reguler),Unjha / Mundra Delivery,240
Dry Chilli,15-Jul,M Lower (M Lower),Unjha / Mundra Delivery,205
Dry Chilli,15-Jul,Medium Grade,Unjha / Mundra Delivery,120
Dry Chilli,15-Jul,Chilli Powder Lower Grade,Unjha / Mundra Delivery,100
Dry Chilli,15-Jul,Chilli Powder Medium Lower,Unjha / Mundra Delivery,120
Dry Chilli,15-Jul,CHILLI POWDER (60 ASTA / 70k SHU ),Unjha / Mundra Delivery,245
Dry Chilli,15-Jul,CHILLI POWDER (60 ASTA / 30k SHU),Unjha / Mundra Delivery,225
Cumin seeds,15-Jul,Singapore 99,Kanpur(Uttar Pradesh),690
Dry Chilli,15-Jul,Dehydrated Red Chilli powder,Shirdi(Maharashtra),250
Cumin seeds,15-Jul,Dehydrated Cumin powder,Shirdi(Maharashtra),360
Turmeric,15-Jul,1%,Shirdi(Maharashtra),80
Turmeric,15-Jul,1.50%,Shirdi(Maharashtra),90
Turmeric,15-Jul,2%,Shirdi(Maharashtra),95
Turmeric,15-Jul,2.50%,Shirdi(Maharashtra),100
Turmeric,15-Jul,3%,Shirdi(Maharashtra),105
Turmeric,15-Jul,4%,Shirdi(Maharashtra),115
Turmeric,15-Jul,5%,Shirdi(Maharashtra),130
Turmeric,15-Jul,Turmeric powder best quality,Baroda(Gujarat),100
Dry Chilli,15-Jul,Chilli powder,Baroda(Gujarat),280
Dry Chilli,15-Jul,Chilli flake,Baroda(Gujarat),290
Turmeric,15-Jul,Turmeric finger,Baroda(Gujarat),110
Coriander,15-Jul,Coriander seeds,Baroda(Gujarat),110
Coriander,15-Jul,Coriander powder,Baroda(Gujarat),100
Cumin seeds,15-Jul,Cumin Seeds Singapore 99,Baroda(Gujarat),600
Cumin seeds,15-Jul,Cumin Seeds Powder,Baroda(Gujarat),400
Turmeric,15-Jul,Turmeric Finger Selum,Nanded(Maharashtra),100
Turmeric,15-Jul,Bulb Selum Premium Export Quality,Nanded(Maharashtra),90
Coriander,15-Jul,Eagle,Rajkot(Gujarat),74
Coriander,15-Jul,Eagle plus,Rajkot(Gujarat),76
Coriander,15-Jul,Scooter,Rajkot(Gujarat),83
Coriander,15-Jul,Scooter plus,Rajkot(Gujarat),85
Coriander,15-Jul,Single parrot,Rajkot(Gujarat),95
Turmeric,15-Jul,Double polished turmeric finger + Gst,Behrampur(Odissa),65-69
Cumin seeds,15-Jul,Farmers Grade,Madhavpur(Gujarat),490
Cumin seeds,15-Jul,Cumin Seeds Singapore 99,Madhavpur(Gujarat),580
Cumin seeds,15-Jul,Domestic Quality,Unjha(Gujarat),460
Coriander,15-Jul,Quality Scooter,Mundra-port(Gujarat),98
Turmeric,15-Jul,"Turmeric powder,Curcumin content- 1%",Deesa(Gujarat),50
Turmeric,15-Jul,"Turmeric powder,Curcumin content- 1.5%",Deesa(Gujarat),65
Turmeric,15-Jul,"Turmeric powder,Curcumin content- 2%",Deesa(Gujarat),75
Turmeric,15-Jul,"Turmeric powder,Curcumin content- 2.5%",Deesa(Gujarat),82
Turmeric,15-Jul,"Turmeric powder,Curcumin content- 3%",Deesa(Gujarat),90
Turmeric,15-Jul,"Turmeric powder,Curcumin content- 4%",Deesa(Gujarat),105
Turmeric,15-Jul,"Turmeric powder,Curcumin content- 5%",Deesa(Gujarat),120
Dry Chilli,15-Jul,Chilli Powder (Kashmiri),Deesa(Gujarat),500-800
Dry Chilli,15-Jul,Chilli Powder (A Grade),Deesa(Gujarat),300
Dry Chilli,15-Jul,Chilli Powder (B Grade),Deesa(Gujarat),290
Dry Chilli,15-Jul,Chilli Powder (C Grade),Deesa(Gujarat),250
Dry Chilli,15-Jul,Chilli Powder (D Grade),Deesa(Gujarat),160
Dry Chilli,15-Jul,Chilli Powder (Russia Grade),Deesa(Gujarat),110-140
Dry Chilli,15-Jul,Chilli Flakes (Low),Deesa(Gujarat),200
Dry Chilli,15-Jul,Chilli Flakes (Medium),Deesa(Gujarat),230
Dry Chilli,15-Jul,Chilli Flakes (Reguler),Deesa(Gujarat),250
Dry Chilli,15-Jul,Chilli Flakes (Deluxe),Deesa(Gujarat),290
Cumin seeds,15-Jul,Cumin Powder (Premium),Deesa(Gujarat),490
Cumin seeds,15-Jul,Cumin Powder (Medium),Deesa(Gujarat),410
Cumin seeds,15-Jul,Cumin Powder (Regular),Deesa(Gujarat),370
Cumin seeds,15-Jul,Cumin Powder (Low),Deesa(Gujarat),130-300
Coriander,15-Jul,Coriander Powder (Premium),Deesa(Gujarat),100
Coriander,15-Jul,Coriander Powder (Medium),Deesa(Gujarat),90
Coriander,15-Jul,Coriander Powder (Regular),Deesa(Gujarat),80
Coriander,15-Jul,Coriander Powder (Low),Deesa(Gujarat),55-60
Dry Chilli,15-Jul,SANIYA SUPER DELUX WITH STEM,Jodhpur(Rajasthan),270
Dry Chilli,15-Jul,SANIYA SUPER DELUX WITHOUT STEM,Jodhpur(Rajasthan),330
Dry Chilli,15-Jul,REVA SUPER DELUX WITH STEM,Jodhpur(Rajasthan),300
Dry Chilli,15-Jul,PUNJAB AVERAGE BEST WITH STEM,Jodhpur(Rajasthan),150
Dry Chilli,15-Jul,WONDERHOT SUPER DELUX WITH STEM,Jodhpur(Rajasthan),360
Dry Chilli,15-Jul,WONDERHOT SINGAL PATTI WITH STEM,Jodhpur(Rajasthan),330
Dry Chilli,15-Jul,TURMARIC NIZAMABAD DOUBLE POLICE GATHA,Jodhpur(Rajasthan),105
Dry Chilli,15-Jul,TURMARIC SALEM SINGAL POLICE FALI,Jodhpur(Rajasthan),980
Dry Chilli,15-Jul,TURMARIC NIJAMABAD DOUBLE POLICE,Jodhpur(Rajasthan),103
Coriander,15-Jul,Eagle + GST,Kota(Rajasthan),73
Cumin seeds,15-Jul,Extra bold + 5% GST,Unjha(Gujarat),668
Cumin seeds,15-Jul,Diamond + 5% GST,Unjha(Gujarat),648
Cumin seeds,15-Jul,Bombay bold + 5% GST,Unjha(Gujarat),633
Cumin seeds,15-Jul,Jupiter + 5% GST,Unjha(Gujarat),623
Cumin seeds,15-Jul,Vivo + 5% GST,Unjha(Gujarat),613
Coriander,15-Jul,Bold Eagle + 5% GST,Unjha(Gujarat),73
Coriander,15-Jul,Bold Eagle plus + 5% GST,Unjha(Gujarat),77
Coriander,15-Jul,Bold Scooter + 5% GST,Unjha(Gujarat),80
Coriander,15-Jul,Bold Scooter plus + 5% GST,Unjha(Gujarat),82
Coriander,15-Jul,Bold Diamond + 5% GST,Unjha(Gujarat),92
Coriander,15-Jul,Bold Singal parrot + 5% GST,Unjha(Gujarat),100
Coriander,15-Jul,Split Eagle + 5% GST,Unjha(Gujarat),65
Coriander,15-Jul,Split Eagle plus + 5% GST,Unjha(Gujarat),68
Coriander,15-Jul,Split Scooter + 5% GST,Unjha(Gujarat),87
Coriander,15-Jul,Small Eagle plus(royal) + 5% GST,Unjha(Gujarat),77
Coriander,15-Jul,Small Scooter (seven star)+ 5% GST,Unjha(Gujarat),90
Coriander,15-Jul,Small Single parrot (ever green) + 5% GST,Unjha(Gujarat),126
Cumin seeds,15-Jul,Singapore 99,Udaipur(Rajasthan),610
Cumin seeds,15-Jul,Singapore 99,Unjha(Gujarat),595
Dry Chilli,17-Jul,SANIYA SUPER DELUX WITH STEM,Jodhpur(Rajasthan),270
Dry Chilli,17-Jul,SANIYA SUPER DELUX STEMLESS,Jodhpur(Rajasthan),325
Dry Chilli,17-Jul,REVA SUPER DELUX WITH STEAM,Jodhpur(Rajasthan),300
Dry Chilli,17-Jul,WONDERHOT PLAIN DOUBLE PATTA DELUX WITH STEM,Jodhpur(Rajasthan),360
Dry Chilli,17-Jul,WONDERHOT SINGAL PATTA WITH STEM,Jodhpur(Rajasthan),330
Dry Chilli,17-Jul,TURMARIC NIZAMABAD DOUBLE POLICE,Jodhpur(Rajasthan),120
Dry Chilli,17-Jul,SALEM SINGAL POLICE,Jodhpur(Rajasthan),115
Dry Chilli,17-Jul,NIZAMABAD GATTHA DOUBLE POLICE,Jodhpur(Rajasthan),120
Dry Chilli,17-Jul,AADITYA 501 IROD GATTHA,Jodhpur(Rajasthan),125
Cumin seeds,17-Jul,CUMIN POWDER,Rajkot(Gujarat),806
Coriander,17-Jul,CORIANDER POWDER,Rajkot(Gujarat),186
Turmeric,17-Jul,TURMERIC POWDER,Rajkot(Gujarat),112
Dry Chilli,17-Jul,RED CHILLY POWDER KASHMIR,Rajkot(Gujarat),930
Dry Chilli,17-Jul,RED CHILLY POWDER REGULAR,Rajkot(Gujarat),434
Dry Chilli,17-Jul,RED CHILLY POWDER TEJA,Rajkot(Gujarat),410
Dry Chilli,17-Jul,RED CHILLY POWDER LOWEST,Rajkot(Gujarat),286
Cumin seeds,17-Jul,Singapore 99.00%,Rajkot(Gujarat),769
Cumin seeds,17-Jul,Singapore 99.50%,Rajkot(Gujarat),770
Cumin seeds,17-Jul,Europe,Rajkot(Gujarat),806
Coriander,17-Jul,Eagle Sortex,Rajkot(Gujarat),91
Coriander,17-Jul,Split,Rajkot(Gujarat),80
Coriander,17-Jul,Scooter,Rajkot(Gujarat),102
Coriander,17-Jul,Single Parrot,Rajkot(Gujarat),115
Turmeric,17-Jul,GOOD GRADE,Rajkot(Gujarat),118
Turmeric,17-Jul,EUROPE,Rajkot(Gujarat),124
Turmeric,17-Jul,BULB,Rajkot(Gujarat),115
Cumin seeds,17-Jul,Singapore 99,Kanpur(Uttar Pradesh),685
Turmeric,17-Jul,Turmeric Finger Selum,Nanded(Maharashtra),120
Turmeric,17-Jul,Bulb Selum Premium Export Quality,Nanded(Maharashtra),115
Turmeric,17-Jul,"Turmeric powder,Curcumin content- 1%",Deesa(Gujarat),50
Turmeric,17-Jul,"Turmeric powder,Curcumin content- 1.5%",Deesa(Gujarat),65
Turmeric,17-Jul,"Turmeric powder,Curcumin content- 2%",Deesa(Gujarat),75
Turmeric,17-Jul,"Turmeric powder,Curcumin content- 2.5%",Deesa(Gujarat),82
Turmeric,17-Jul,"Turmeric powder,Curcumin content- 3%",Deesa(Gujarat),90
Turmeric,17-Jul,"Turmeric powder,Curcumin content- 4%",Deesa(Gujarat),105
Turmeric,17-Jul,"Turmeric powder,Curcumin content- 5%",Deesa(Gujarat),120
Dry Chilli,17-Jul,Chilli Powder (Kashmiri),Deesa(Gujarat),500-800
Dry Chilli,17-Jul,Chilli Powder (A Grade),Deesa(Gujarat),300
Dry Chilli,17-Jul,Chilli Powder (B Grade),Deesa(Gujarat),290
Dry Chilli,17-Jul,Chilli Powder (C Grade),Deesa(Gujarat),250
Dry Chilli,17-Jul,Chilli Powder (D Grade),Deesa(Gujarat),160
Dry Chilli,17-Jul,Chilli Powder (Russia Grade),Deesa(Gujarat),110-140
Dry Chilli,17-Jul,Chilli Flakes (Low),Deesa(Gujarat),200
Dry Chilli,17-Jul,Chilli Flakes (Medium),Deesa(Gujarat),230
Dry Chilli,17-Jul,Chilli Flakes (Reguler),Deesa(Gujarat),250
Dry Chilli,17-Jul,Chilli Flakes (Deluxe),Deesa(Gujarat),290
Cumin seeds,17-Jul,Cumin Powder (Premium),Deesa(Gujarat),490
Cumin seeds,17-Jul,Cumin Powder (Medium),Deesa(Gujarat),410
Cumin seeds,17-Jul,Cumin Powder (Regular),Deesa(Gujarat),370
Cumin seeds,17-Jul,Cumin Powder (Low),Deesa(Gujarat),130-300
Coriander,17-Jul,Coriander Powder (Premium),Deesa(Gujarat),100
Coriander,17-Jul,Coriander Powder (Medium),Deesa(Gujarat),90
Coriander,17-Jul,Coriander Powder (Regular),Deesa(Gujarat),80
Coriander,17-Jul,Coriander Powder (Low),Deesa(Gujarat),55-60
Coriander,17-Jul,Quality Scooter,Mundra-port(Gujarat),100
Dry Chilli,17-Jul,Dehydrated Red Chilli powder,Shirdi(Maharashtra),250
Cumin seeds,17-Jul,Dehydrated Cumin powder,Shirdi(Maharashtra),360
Turmeric,17-Jul,1%,Shirdi(Maharashtra),80
Turmeric,17-Jul,1.50%,Shirdi(Maharashtra),90
Turmeric,17-Jul,2%,Shirdi(Maharashtra),95
Turmeric,17-Jul,2.50%,Shirdi(Maharashtra),100
Turmeric,17-Jul,3%,Shirdi(Maharashtra),105
Turmeric,17-Jul,4%,Shirdi(Maharashtra),115
Turmeric,17-Jul,5%,Shirdi(Maharashtra),130
Turmeric,17-Jul,Turmeric powder best quality,Baroda(Gujarat),100
Dry Chilli,17-Jul,Chilli powder,Baroda(Gujarat),280
Dry Chilli,17-Jul,Chilli flake,Baroda(Gujarat),290
Turmeric,17-Jul,Turmeric finger,Baroda(Gujarat),110
Coriander,17-Jul,Coriander seeds,Baroda(Gujarat),110
Coriander,17-Jul,Coriander powder,Baroda(Gujarat),100
Cumin seeds,17-Jul,Cumin Seeds Singapore 99,Baroda(Gujarat),600
Cumin seeds,17-Jul,Cumin Seeds Powder,Baroda(Gujarat),400
Dry Chilli,17-Jul,Teja Stem,Guntur(Andhra Pradesh),245
Dry Chilli,17-Jul,Teja stem less,Guntur(Andhra Pradesh),345
Dry Chilli,17-Jul,Teja Stem Cut,Guntur(Andhra Pradesh),270
Dry Chilli,17-Jul,Sannam with stem,Guntur(Andhra Pradesh),240
Dry Chilli,17-Jul,Sannam stem less,Guntur(Andhra Pradesh),290
Dry Chilli,17-Jul,Syngenta Bydigi Stem,Guntur(Andhra Pradesh),220
Dry Chilli,17-Jul,Syngenta Bydigi Stem less,Unjha / Mundra Delivery,270
Turmeric,17-Jul,Yellow 1%,Unjha / Mundra Delivery,48
Turmeric,17-Jul,Orange 1%,Unjha / Mundra Delivery,50
Turmeric,17-Jul,1.50%,Unjha / Mundra Delivery,59
Turmeric,17-Jul,2%,Unjha / Mundra Delivery,69
Turmeric,17-Jul,2.50%,Unjha / Mundra Delivery,74
Turmeric,17-Jul,3%,Unjha / Mundra Delivery,84
Dry Chilli,17-Jul,Chilli Flakes (Low),Unjha / Mundra Delivery,195
Dry Chilli,17-Jul,Chilli Flakes (Medium),Unjha / Mundra Delivery,280
Dry Chilli,17-Jul,Chilli Flakes (Reguler),Unjha / Mundra Delivery,250
Dry Chilli,17-Jul,Chilli Flakes (Deluxe),Unjha / Mundra Delivery,350
Dry Chilli,17-Jul,Chilli Flakes (Reguler),Unjha / Mundra Delivery,240
Dry Chilli,17-Jul,M Lower (M Lower),Unjha / Mundra Delivery,205
Dry Chilli,17-Jul,Medium Grade,Unjha / Mundra Delivery,120
Dry Chilli,17-Jul,Chilli Powder Lower Grade,Unjha / Mundra Delivery,100
Dry Chilli,17-Jul,Chilli Powder Medium Lower,Unjha / Mundra Delivery,120
Dry Chilli,17-Jul,CHILLI POWDER (60 ASTA / 70k SHU ),Unjha / Mundra Delivery,245
Dry Chilli,17-Jul,CHILLI POWDER (60 ASTA / 30k SHU),Unjha / Mundra Delivery,225
Turmeric,17-Jul,Turmeric powder Curcumin content- around 3 % Moisture- less than5%,Sangli(Maharashtra),128
Cumin seeds,17-Jul,Singapore 99,Udaipur(Rajasthan),635
Cumin seeds,17-Jul,Singapore 99,Unjha(Gujarat),610
Dry Chilli,18-Jul,SANIYA SUPER DELUX WITH STEM,Jodhpur(Rajasthan),270
Dry Chilli,18-Jul,SANIYA SUPER DELUX STEMLESS,Jodhpur(Rajasthan),325
Dry Chilli,18-Jul,REVA SUPER DELUX WITH STEAM,Jodhpur(Rajasthan),300
Dry Chilli,18-Jul,WONDERHOT PLAIN DOUBLE PATTA DELUX WITH STEM,Jodhpur(Rajasthan),360
Dry Chilli,18-Jul,WONDERHOT SINGAL PATTA WITH STEM,Jodhpur(Rajasthan),330
Dry Chilli,18-Jul,TURMARIC NIZAMABAD DOUBLE POLICE,Jodhpur(Rajasthan),120
Dry Chilli,18-Jul,SALEM SINGAL POLICE,Jodhpur(Rajasthan),115
Dry Chilli,18-Jul,NIZAMABAD GATTHA DOUBLE POLICE,Jodhpur(Rajasthan),120
Dry Chilli,18-Jul,AADITYA 501 IROD GATTHA,Jodhpur(Rajasthan),125
Cumin seeds,18-Jul,CUMIN POWDER,Rajkot(Gujarat),806
Coriander,18-Jul,CORIANDER POWDER,Rajkot(Gujarat),186
Turmeric,18-Jul,TURMERIC POWDER,Rajkot(Gujarat),112
Dry Chilli,18-Jul,RED CHILLY POWDER KASHMIR,Rajkot(Gujarat),930
Dry Chilli,18-Jul,RED CHILLY POWDER REGULAR,Rajkot(Gujarat),434
Dry Chilli,18-Jul,RED CHILLY POWDER TEJA,Rajkot(Gujarat),410
Dry Chilli,18-Jul,RED CHILLY POWDER LOWEST,Rajkot(Gujarat),286
Cumin seeds,18-Jul,Singapore 99.00%,Rajkot(Gujarat),769
Cumin seeds,18-Jul,Singapore 99.50%,Rajkot(Gujarat),770
Cumin seeds,18-Jul,Europe,Rajkot(Gujarat),806
Coriander,18-Jul,Eagle Sortex,Rajkot(Gujarat),91
Coriander,18-Jul,Split,Rajkot(Gujarat),80
Coriander,18-Jul,Scooter,Rajkot(Gujarat),102
Coriander,18-Jul,Single Parrot,Rajkot(Gujarat),115
Turmeric,18-Jul,GOOD GRADE,Rajkot(Gujarat),118
Turmeric,18-Jul,EUROPE,Rajkot(Gujarat),124
Turmeric,18-Jul,BULB,Rajkot(Gujarat),115
Turmeric,18-Jul,Turmeric Finger Selum,Nanded(Maharashtra),120
Turmeric,18-Jul,Bulb Selum Premium Export Quality,Nanded(Maharashtra),115
Turmeric,18-Jul,"Turmeric powder,Curcumin content- 1%",Deesa(Gujarat),50
Turmeric,18-Jul,"Turmeric powder,Curcumin content- 1.5%",Deesa(Gujarat),65
Turmeric,18-Jul,"Turmeric powder,Curcumin content- 2%",Deesa(Gujarat),75
Turmeric,18-Jul,"Turmeric powder,Curcumin content- 2.5%",Deesa(Gujarat),82
Turmeric,18-Jul,"Turmeric powder,Curcumin content- 3%",Deesa(Gujarat),90
Turmeric,18-Jul,"Turmeric powder,Curcumin content- 4%",Deesa(Gujarat),105
Turmeric,18-Jul,"Turmeric powder,Curcumin content- 5%",Deesa(Gujarat),120
Dry Chilli,18-Jul,Chilli Powder (Kashmiri),Deesa(Gujarat),500-800
Dry Chilli,18-Jul,Chilli Powder (A Grade),Deesa(Gujarat),300
Dry Chilli,18-Jul,Chilli Powder (B Grade),Deesa(Gujarat),290
Dry Chilli,18-Jul,Chilli Powder (C Grade),Deesa(Gujarat),250
Dry Chilli,18-Jul,Chilli Powder (D Grade),Deesa(Gujarat),160
Dry Chilli,18-Jul,Chilli Powder (Russia Grade),Deesa(Gujarat),110-140
Dry Chilli,18-Jul,Chilli Flakes (Low),Deesa(Gujarat),200
Dry Chilli,18-Jul,Chilli Flakes (Medium),Deesa(Gujarat),230
Dry Chilli,18-Jul,Chilli Flakes (Reguler),Deesa(Gujarat),250
Dry Chilli,18-Jul,Chilli Flakes (Deluxe),Deesa(Gujarat),290
Cumin seeds,18-Jul,Cumin Powder (Premium),Deesa(Gujarat),490
Cumin seeds,18-Jul,Cumin Powder (Medium),Deesa(Gujarat),410
Cumin seeds,18-Jul,Cumin Powder (Regular),Deesa(Gujarat),370
Cumin seeds,18-Jul,Cumin Powder (Low),Deesa(Gujarat),130-300
Coriander,18-Jul,Coriander Powder (Premium),Deesa(Gujarat),100
Coriander,18-Jul,Coriander Powder (Medium),Deesa(Gujarat),90
Coriander,18-Jul,Coriander Powder (Regular),Deesa(Gujarat),80
Coriander,18-Jul,Coriander Powder (Low),Deesa(Gujarat),55-60
Coriander,18-Jul,Quality Scooter,Mundra-port(Gujarat),100
Dry Chilli,18-Jul,Teja Stem,Guntur(Andhra Pradesh),245
Dry Chilli,18-Jul,Teja stem less,Guntur(Andhra Pradesh),345
Dry Chilli,18-Jul,Teja Stem Cut,Guntur(Andhra Pradesh),270
Dry Chilli,18-Jul,Sannam with stem,Guntur(Andhra Pradesh),240
Dry Chilli,18-Jul,Sannam stem less,Guntur(Andhra Pradesh),290
Dry Chilli,18-Jul,Syngenta Bydigi Stem,Guntur(Andhra Pradesh),220
Dry Chilli,18-Jul,Syngenta Bydigi Stem less,Unjha / Mundra Delivery,270
Turmeric,18-Jul,Yellow 1%,Unjha / Mundra Delivery,48
Turmeric,18-Jul,Orange 1%,Unjha / Mundra Delivery,50
Turmeric,18-Jul,1.50%,Unjha / Mundra Delivery,59
Turmeric,18-Jul,2%,Unjha / Mundra Delivery,69
Turmeric,18-Jul,2.50%,Unjha / Mundra Delivery,74
Turmeric,18-Jul,3%,Unjha / Mundra Delivery,84
Dry Chilli,18-Jul,Chilli Flakes (Low),Unjha / Mundra Delivery,195
Dry Chilli,18-Jul,Chilli Flakes (Medium),Unjha / Mundra Delivery,280
Dry Chilli,18-Jul,Chilli Flakes (Reguler),Unjha / Mundra Delivery,250
Dry Chilli,18-Jul,Chilli Flakes (Deluxe),Unjha / Mundra Delivery,350
Dry Chilli,18-Jul,Chilli Flakes (Reguler),Unjha / Mundra Delivery,240
Dry Chilli,18-Jul,M Lower (M Lower),Unjha / Mundra Delivery,205
Dry Chilli,18-Jul,Medium Grade,Unjha / Mundra Delivery,120
Dry Chilli,18-Jul,Chilli Powder Lower Grade,Unjha / Mundra Delivery,100
Dry Chilli,18-Jul,Chilli Powder Medium Lower,Unjha / Mundra Delivery,120
Dry Chilli,18-Jul,CHILLI POWDER (60 ASTA / 70k SHU ),Unjha / Mundra Delivery,245
Dry Chilli,18-Jul,CHILLI POWDER (60 ASTA / 30k SHU),Unjha / Mundra Delivery,225
Turmeric,18-Jul,Turmeric powder Curcumin content- around 3 % Moisture- less than5%,Sangli(Maharashtra),128
Coriander,18-Jul,Badami,Kota(Rajasthan),77
Coriander,18-Jul,"Coriander Seeds Eagle,GST & Freight extra at actual",Pratapgarh(Rajasthan),75
Coriander,18-Jul,"Coriander Seeds Badami,GST & Freight extra at actual",Pratapgarh(Rajasthan),67
Cumin seeds,18-Jul,Singapore 99,Pratapgarh(Rajasthan),640
Turmeric,18-Jul,Turmeric Finger Selum,Nanded(Maharashtra),100
Turmeric,18-Jul,Bulb Selum Premium Export Quality,Nanded(Maharashtra),90
Coriander,18-Jul,Eagle,Rajkot(Gujarat),76
Coriander,18-Jul,Eagle plus,Rajkot(Gujarat),78
Coriander,18-Jul,Scooter,Rajkot(Gujarat),85
Coriander,18-Jul,Scooter plus,Rajkot(Gujarat),88
Coriander,18-Jul,Single parrot,Rajkot(Gujarat),98
Cumin seeds,18-Jul,Extra bold + 5% GST,Unjha(Gujarat),687
Cumin seeds,18-Jul,Diamond + 5% GST,Unjha(Gujarat),667
Cumin seeds,18-Jul,Bombay bold + 5% GST,Unjha(Gujarat),652
Cumin seeds,18-Jul,Jupiter + 5% GST,Unjha(Gujarat),642
Cumin seeds,18-Jul,Vivo + 5% GST,Unjha(Gujarat),632
Coriander,18-Jul,Bold Eagle + 5% GST,Unjha(Gujarat),73
Coriander,18-Jul,Bold Eagle plus + 5% GST,Unjha(Gujarat),80
Coriander,18-Jul,Bold Scooter + 5% GST,Unjha(Gujarat),73
Coriander,18-Jul,Bold Scooter plus + 5% GST,Unjha(Gujarat),85
Coriander,18-Jul,Bold Diamond + 5% GST,Unjha(Gujarat),96
Coriander,18-Jul,Bold Singal parrot + 5% GST,Unjha(Gujarat),105
Coriander,18-Jul,Split Eagle + 5% GST,Unjha(Gujarat),65
Coriander,18-Jul,Split Eagle plus + 5% GST,Unjha(Gujarat),68
Coriander,18-Jul,Split Scooter + 5% GST,Unjha(Gujarat),70
Coriander,18-Jul,Small Eagle plus(royal) + 5% GST,Unjha(Gujarat),80
Coriander,18-Jul,Small Scooter (seven star)+ 5% GST,Unjha(Gujarat),93
Coriander,18-Jul,Small Single parrot (ever green) + 5% GST,Unjha(Gujarat),129
Dry Chilli,18-Jul,Dehydrated Red Chilli powder,Shirdi(Maharashtra),250
Cumin seeds,18-Jul,Dehydrated Cumin powder,Shirdi(Maharashtra),360
Turmeric,18-Jul,1%,Shirdi(Maharashtra),80
Turmeric,18-Jul,1.50%,Shirdi(Maharashtra),90
Turmeric,18-Jul,2%,Shirdi(Maharashtra),95
Turmeric,18-Jul,2.50%,Shirdi(Maharashtra),100
Turmeric,18-Jul,3%,Shirdi(Maharashtra),105
Turmeric,18-Jul,4%,Shirdi(Maharashtra),115
Turmeric,18-Jul,5%,Shirdi(Maharashtra),130
Cumin seeds,18-Jul,A grade,Unjha(Gujarat),630
Cumin seeds,18-Jul,Singapore 99,Unjha(Gujarat),625
Cumin seeds,18-Jul,Singapore 99,Kanpur(Uttar Pradesh),710
Turmeric,18-Jul,Turmeric powder best quality,Baroda(Gujarat),100
Dry Chilli,18-Jul,Chilli powder,Baroda(Gujarat),280
Dry Chilli,18-Jul,Chilli flake,Baroda(Gujarat),290
Turmeric,18-Jul,Turmeric finger,Baroda(Gujarat),110
Coriander,18-Jul,Coriander seeds,Baroda(Gujarat),110
Coriander,18-Jul,Coriander powder,Baroda(Gujarat),100
Cumin seeds,18-Jul,Cumin Seeds Singapore 99,Baroda(Gujarat),600
Cumin seeds,18-Jul,Cumin Seeds Powder,Baroda(Gujarat),400
Coriander,18-Jul,Badami loose,Ramganj-Mandi(Rajasthan),50-61
Coriander,18-Jul,Eagle loose,Ramganj-Mandi(Rajasthan),63-75
Coriander,18-Jul,Scooter loose,Ramganj-Mandi(Rajasthan),75-80
Coriander,18-Jul,Single parrot,Ramganj-Mandi(Rajasthan),80-90
Coriander,18-Jul,Double parrot and extra green,Ramganj-Mandi(Rajasthan),95+
Coriander,18-Jul,Dal(Eagle),Ramganj-Mandi(Rajasthan),72
Coriander,18-Jul,Eagle,Ramganj-Mandi(Rajasthan),80
Coriander,18-Jul,Scooter,Ramganj-Mandi(Rajasthan),105
Coriander,18-Jul,Single parrot,Ramganj-Mandi(Rajasthan),115
Cumin seeds,18-Jul,Singapore 99,Udaipur(Rajasthan),640
Dry Chilli,19-Jul,SANIYA SUPER DELUX WITH STEM,Jodhpur(Rajasthan),270
Dry Chilli,19-Jul,SANIYA SUPER DELUX STEMLESS,Jodhpur(Rajasthan),325
Dry Chilli,19-Jul,REVA SUPER DELUX WITH STEAM,Jodhpur(Rajasthan),300
Dry Chilli,19-Jul,WONDERHOT PLAIN DOUBLE PATTA DELUX WITH STEM,Jodhpur(Rajasthan),360
Dry Chilli,19-Jul,WONDERHOT SINGAL PATTA WITH STEM,Jodhpur(Rajasthan),330
Dry Chilli,19-Jul,TURMARIC NIZAMABAD DOUBLE POLICE,Jodhpur(Rajasthan),120
Dry Chilli,19-Jul,SALEM SINGAL POLICE,Jodhpur(Rajasthan),115
Dry Chilli,19-Jul,NIZAMABAD GATTHA DOUBLE POLICE,Jodhpur(Rajasthan),120
Dry Chilli,19-Jul,AADITYA 501 IROD GATTHA,Jodhpur(Rajasthan),125
Cumin seeds,19-Jul,CUMIN POWDER,Rajkot(Gujarat),806
Coriander,19-Jul,CORIANDER POWDER,Rajkot(Gujarat),186
Turmeric,19-Jul,TURMERIC POWDER,Rajkot(Gujarat),112
Dry Chilli,19-Jul,RED CHILLY POWDER KASHMIR,Rajkot(Gujarat),930
Dry Chilli,19-Jul,RED CHILLY POWDER REGULAR,Rajkot(Gujarat),434
Dry Chilli,19-Jul,RED CHILLY POWDER TEJA,Rajkot(Gujarat),410
Dry Chilli,19-Jul,RED CHILLY POWDER LOWEST,Rajkot(Gujarat),286
Cumin seeds,19-Jul,Singapore 99.00%,Rajkot(Gujarat),769
Cumin seeds,19-Jul,Singapore 99.50%,Rajkot(Gujarat),770
Cumin seeds,19-Jul,Europe,Rajkot(Gujarat),806
Coriander,19-Jul,Eagle Sortex,Rajkot(Gujarat),91
Coriander,19-Jul,Split,Rajkot(Gujarat),80
Coriander,19-Jul,Scooter,Rajkot(Gujarat),102
Coriander,19-Jul,Single Parrot,Rajkot(Gujarat),115
Turmeric,19-Jul,GOOD GRADE,Rajkot(Gujarat),118
Turmeric,19-Jul,EUROPE,Rajkot(Gujarat),124
Turmeric,19-Jul,BULB,Rajkot(Gujarat),115
Turmeric,19-Jul,Turmeric Finger Selum,Nanded(Maharashtra),120
Turmeric,19-Jul,Bulb Selum Premium Export Quality,Nanded(Maharashtra),115
Turmeric,19-Jul,"Turmeric powder,Curcumin content- 1%",Deesa(Gujarat),50
Turmeric,19-Jul,"Turmeric powder,Curcumin content- 1.5%",Deesa(Gujarat),65
Turmeric,19-Jul,"Turmeric powder,Curcumin content- 2%",Deesa(Gujarat),75
Turmeric,19-Jul,"Turmeric powder,Curcumin content- 2.5%",Deesa(Gujarat),82
Turmeric,19-Jul,"Turmeric powder,Curcumin content- 3%",Deesa(Gujarat),90
Turmeric,19-Jul,"Turmeric powder,Curcumin content- 4%",Deesa(Gujarat),105
Turmeric,19-Jul,"Turmeric powder,Curcumin content- 5%",Deesa(Gujarat),120
Dry Chilli,19-Jul,Chilli Powder (Kashmiri),Deesa(Gujarat),500-800
Dry Chilli,19-Jul,Chilli Powder (A Grade),Deesa(Gujarat),300
Dry Chilli,19-Jul,Chilli Powder (B Grade),Deesa(Gujarat),290
Dry Chilli,19-Jul,Chilli Powder (C Grade),Deesa(Gujarat),250
Dry Chilli,19-Jul,Chilli Powder (D Grade),Deesa(Gujarat),160
Dry Chilli,19-Jul,Chilli Powder (Russia Grade),Deesa(Gujarat),110-140
Dry Chilli,19-Jul,Chilli Flakes (Low),Deesa(Gujarat),200
Dry Chilli,19-Jul,Chilli Flakes (Medium),Deesa(Gujarat),230
Dry Chilli,19-Jul,Chilli Flakes (Reguler),Deesa(Gujarat),250
Dry Chilli,19-Jul,Chilli Flakes (Deluxe),Deesa(Gujarat),290
Cumin seeds,19-Jul,Cumin Powder (Premium),Deesa(Gujarat),490
Cumin seeds,19-Jul,Cumin Powder (Medium),Deesa(Gujarat),410
Cumin seeds,19-Jul,Cumin Powder (Regular),Deesa(Gujarat),370
Cumin seeds,19-Jul,Cumin Powder (Low),Deesa(Gujarat),130-300
Coriander,19-Jul,Coriander Powder (Premium),Deesa(Gujarat),100
Coriander,19-Jul,Coriander Powder (Medium),Deesa(Gujarat),90
Coriander,19-Jul,Coriander Powder (Regular),Deesa(Gujarat),80
Coriander,19-Jul,Coriander Powder (Low),Deesa(Gujarat),55-60
Coriander,19-Jul,Quality Scooter,Mundra-port(Gujarat),100
Dry Chilli,19-Jul,Teja Stem,Guntur(Andhra Pradesh),245
Dry Chilli,19-Jul,Teja stem less,Guntur(Andhra Pradesh),345
Dry Chilli,19-Jul,Teja Stem Cut,Guntur(Andhra Pradesh),270
Dry Chilli,19-Jul,Sannam with stem,Guntur(Andhra Pradesh),240
Dry Chilli,19-Jul,Sannam stem less,Guntur(Andhra Pradesh),290
Dry Chilli,19-Jul,Syngenta Bydigi Stem,Guntur(Andhra Pradesh),220
Dry Chilli,19-Jul,Syngenta Bydigi Stem less,Unjha / Mundra Delivery,270
Turmeric,19-Jul,Yellow 1%,Unjha / Mundra Delivery,48
Turmeric,19-Jul,Orange 1%,Unjha / Mundra Delivery,50
Turmeric,19-Jul,1.50%,Unjha / Mundra Delivery,59
Turmeric,19-Jul,2%,Unjha / Mundra Delivery,69
Turmeric,19-Jul,2.50%,Unjha / Mundra Delivery,74
Turmeric,19-Jul,3%,Unjha / Mundra Delivery,84
Dry Chilli,19-Jul,Chilli Flakes (Low),Unjha / Mundra Delivery,195
Dry Chilli,19-Jul,Chilli Flakes (Medium),Unjha / Mundra Delivery,280
Dry Chilli,19-Jul,Chilli Flakes (Reguler),Unjha / Mundra Delivery,250
Dry Chilli,19-Jul,Chilli Flakes (Deluxe),Unjha / Mundra Delivery,350
Dry Chilli,19-Jul,Chilli Flakes (Reguler),Unjha / Mundra Delivery,240
Dry Chilli,19-Jul,M Lower (M Lower),Unjha / Mundra Delivery,205
Dry Chilli,19-Jul,Medium Grade,Unjha / Mundra Delivery,120
Dry Chilli,19-Jul,Chilli Powder Lower Grade,Unjha / Mundra Delivery,100
Dry Chilli,19-Jul,Chilli Powder Medium Lower,Unjha / Mundra Delivery,120
Dry Chilli,19-Jul,CHILLI POWDER (60 ASTA / 70k SHU ),Unjha / Mundra Delivery,245
Dry Chilli,19-Jul,CHILLI POWDER (60 ASTA / 30k SHU),Unjha / Mundra Delivery,225
Turmeric,19-Jul,Turmeric powder Curcumin content- around 3 % Moisture- less than5%,Sangli(Maharashtra),128
Coriander,19-Jul,Badami,Kota(Rajasthan),77
Coriander,19-Jul,"Coriander Seeds Eagle,GST & Freight extra at actual",Pratapgarh(Rajasthan),75
Coriander,19-Jul,"Coriander Seeds Badami,GST & Freight extra at actual",Pratapgarh(Rajasthan),67
Cumin seeds,19-Jul,Singapore 99,Pratapgarh(Rajasthan),640
Turmeric,19-Jul,Turmeric Finger Selum,Nanded(Maharashtra),130
Turmeric,19-Jul,Bulb Selum Premium Export Quality,Nanded(Maharashtra),130
Coriander,19-Jul,Eagle,Rajkot(Gujarat),76
Coriander,19-Jul,Eagle plus,Rajkot(Gujarat),78
Coriander,19-Jul,Scooter,Rajkot(Gujarat),85
Coriander,19-Jul,Scooter plus,Rajkot(Gujarat),88
Coriander,19-Jul,Single parrot,Rajkot(Gujarat),98
Dry Chilli,19-Jul,Dehydrated Red Chilli powder,Shirdi(Maharashtra),250
Cumin seeds,19-Jul,Dehydrated Cumin powder,Shirdi(Maharashtra),360
Turmeric,19-Jul,1%,Shirdi(Maharashtra),80
Turmeric,19-Jul,1.50%,Shirdi(Maharashtra),90
Turmeric,19-Jul,2%,Shirdi(Maharashtra),95
Turmeric,19-Jul,2.50%,Shirdi(Maharashtra),100
Turmeric,19-Jul,3%,Shirdi(Maharashtra),105
Turmeric,19-Jul,4%,Shirdi(Maharashtra),115
Turmeric,19-Jul,5%,Shirdi(Maharashtra),130
Cumin seeds,19-Jul,A grade,Unjha(Gujarat),630
Turmeric,19-Jul,Turmeric powder best quality,Baroda(Gujarat),100
Dry Chilli,19-Jul,Chilli powder,Baroda(Gujarat),280
Dry Chilli,19-Jul,Chilli flake,Baroda(Gujarat),290
Turmeric,19-Jul,Turmeric finger,Baroda(Gujarat),110
Coriander,19-Jul,Coriander seeds,Baroda(Gujarat),110
Coriander,19-Jul,Coriander powder,Baroda(Gujarat),100
Cumin seeds,19-Jul,Cumin Seeds Singapore 99,Baroda(Gujarat),600
Cumin seeds,19-Jul,Cumin Seeds Powder,Baroda(Gujarat),400
Cumin seeds,19-Jul,Extra bold + 5% GST,Unjha(Gujarat),678
Cumin seeds,19-Jul,Diamond + 5% GST,Unjha(Gujarat),658
Cumin seeds,19-Jul,Bombay bold + 5% GST,Unjha(Gujarat),643
Cumin seeds,19-Jul,Jupiter + 5% GST,Unjha(Gujarat),633
Cumin seeds,19-Jul,Vivo + 5% GST,Unjha(Gujarat),623
Coriander,19-Jul,Bold Eagle + 5% GST,Unjha(Gujarat),73
Coriander,19-Jul,Bold Eagle plus + 5% GST,Unjha(Gujarat),80
Coriander,19-Jul,Bold Scooter + 5% GST,Unjha(Gujarat),73
Coriander,19-Jul,Bold Scooter plus + 5% GST,Unjha(Gujarat),85
Coriander,19-Jul,Bold Diamond + 5% GST,Unjha(Gujarat),96
Coriander,19-Jul,Bold Singal parrot + 5% GST,Unjha(Gujarat),105
Coriander,19-Jul,Split Eagle + 5% GST,Unjha(Gujarat),65
Coriander,19-Jul,Split Eagle plus + 5% GST,Unjha(Gujarat),68
Coriander,19-Jul,Split Scooter + 5% GST,Unjha(Gujarat),70
Coriander,19-Jul,Small Eagle plus(royal) + 5% GST,Unjha(Gujarat),80
Coriander,19-Jul,Small Scooter (seven star)+ 5% GST,Unjha(Gujarat),93
Coriander,19-Jul,Small Single parrot (ever green) + 5% GST,Unjha(Gujarat),129
Cumin seeds,19-Jul,Singapore 99,Udaipur(Rajasthan),640
Coriander,19-Jul,Badami loose,Ramganj-Mandi(Rajasthan),50-61
Coriander,19-Jul,Eagle loose,Ramganj-Mandi(Rajasthan),63-75
Coriander,19-Jul,Scooter loose,Ramganj-Mandi(Rajasthan),75-80
Coriander,19-Jul,Single parrot,Ramganj-Mandi(Rajasthan),80-90
Coriander,19-Jul,Double parrot and extra green,Ramganj-Mandi(Rajasthan),95+
Coriander,19-Jul,Dal(Eagle),Ramganj-Mandi(Rajasthan),72
Coriander,19-Jul,Eagle,Ramganj-Mandi(Rajasthan),80
Coriander,19-Jul,Scooter,Ramganj-Mandi(Rajasthan),105
Coriander,19-Jul,Single parrot,Ramganj-Mandi(Rajasthan),115
Cumin seeds,19-Jul,Singapore 99,Kanpur(Uttar Pradesh),710
Coriander,20-Jul,Badami,Kota(Rajasthan),79
Turmeric,20-Jul,Turmeric Finger Selum,Nanded(Maharashtra),130
Turmeric,20-Jul,Bulb Selum Premium Export Quality,Nanded(Maharashtra),130
Dry Chilli,20-Jul,Dehydrated Red Chilli powder,Shirdi(Maharashtra),250
Cumin seeds,20-Jul,Dehydrated Cumin powder,Shirdi(Maharashtra),360
Turmeric,20-Jul,1%,Shirdi(Maharashtra),90
Turmeric,20-Jul,1.50%,Shirdi(Maharashtra),100
Turmeric,20-Jul,2%,Shirdi(Maharashtra),105
Turmeric,20-Jul,2.50%,Shirdi(Maharashtra),110
Turmeric,20-Jul,3%,Shirdi(Maharashtra),115
Turmeric,20-Jul,4%,Shirdi(Maharashtra),120
Turmeric,20-Jul,5%,Shirdi(Maharashtra),135
Dry Chilli,20-Jul,Kashmiri red chilli,Shirdi(Maharashtra),490
Dry Chilli,20-Jul,Tikhala chilli powder (diamond),Shirdi(Maharashtra),310
Dry Chilli,20-Jul,Tikhala chilli powder (platinum),Shirdi(Maharashtra),290
Cumin seeds,20-Jul,A grade,Unjha(Gujarat),630
Turmeric,20-Jul,Turmeric powder best quality,Baroda(Gujarat),100
Dry Chilli,20-Jul,Chilli powder,Baroda(Gujarat),280
Dry Chilli,20-Jul,Chilli flake,Baroda(Gujarat),290
Turmeric,20-Jul,Turmeric finger,Baroda(Gujarat),110
Coriander,20-Jul,Coriander seeds,Baroda(Gujarat),110
Coriander,20-Jul,Coriander powder,Baroda(Gujarat),100
Cumin seeds,20-Jul,Cumin Seeds Singapore 99,Baroda(Gujarat),600
Cumin seeds,20-Jul,Cumin Seeds Powder,Baroda(Gujarat),400
Turmeric,20-Jul,Turmeric powder Curcumin content- around 3 % Moisture- less than5%,Sangli(Maharashtra),128
Dry Chilli,20-Jul,SANIYA SUPER DELUX WITH STEM,Jodhpur(Rajasthan),270
Dry Chilli,20-Jul,SANIYA SUPER DELUX STEMLESS,Jodhpur(Rajasthan),325
Dry Chilli,20-Jul,REVA SUPER DELUX WITH STEAM,Jodhpur(Rajasthan),300
Dry Chilli,20-Jul,WONDERHOT PLAIN DOUBLE PATTA DELUX WITH STEM,Jodhpur(Rajasthan),360
Dry Chilli,20-Jul,WONDERHOT SINGAL PATTA WITH STEM,Jodhpur(Rajasthan),330
Turmeric,20-Jul,TURMARIC NIZAMABAD DOUBLE POLICE,Jodhpur(Rajasthan),120
Turmeric,20-Jul,SALEM SINGAL POLICE,Jodhpur(Rajasthan),115
Turmeric,20-Jul,NIZAMABAD GATTHA DOUBLE POLICE,Jodhpur(Rajasthan),120
Turmeric,20-Jul,AADITYA 501 IROD GATTHA,Jodhpur(Rajasthan),125
Coriander,20-Jul,"Coriander Seeds Eagle,GST & Freight extra at actual",Pratapgarh(Rajasthan),75
Coriander,20-Jul,"Coriander Seeds Badami,GST & Freight extra at actual",Pratapgarh(Rajasthan),67
Cumin seeds,20-Jul,Singapore 99,Pratapgarh(Rajasthan),635
Coriander,20-Jul,Eagle,Rajkot(Gujarat),76
Coriander,20-Jul,Eagle plus,Rajkot(Gujarat),78
Coriander,20-Jul,Scooter,Rajkot(Gujarat),85
Coriander,20-Jul,Scooter plus,Rajkot(Gujarat),88
Coriander,20-Jul,Single parrot,Rajkot(Gujarat),98
Turmeric,20-Jul,"Turmeric powder,Curcumin content- 1%",Deesa(Gujarat),50
Turmeric,20-Jul,"Turmeric powder,Curcumin content- 1.5%",Deesa(Gujarat),65
Turmeric,20-Jul,"Turmeric powder,Curcumin content- 2%",Deesa(Gujarat),75
Turmeric,20-Jul,"Turmeric powder,Curcumin content- 2.5%",Deesa(Gujarat),82
Turmeric,20-Jul,"Turmeric powder,Curcumin content- 3%",Deesa(Gujarat),90
Turmeric,20-Jul,"Turmeric powder,Curcumin content- 4%",Deesa(Gujarat),105
Turmeric,20-Jul,"Turmeric powder,Curcumin content- 5%",Deesa(Gujarat),120
Dry Chilli,20-Jul,Chilli Powder (Kashmiri),Deesa(Gujarat),500-800
Dry Chilli,20-Jul,Chilli Powder (A Grade),Deesa(Gujarat),300
Dry Chilli,20-Jul,Chilli Powder (B Grade),Deesa(Gujarat),290
Dry Chilli,20-Jul,Chilli Powder (C Grade),Deesa(Gujarat),250
Dry Chilli,20-Jul,Chilli Powder (D Grade),Deesa(Gujarat),160
Dry Chilli,20-Jul,Chilli Powder (Russia Grade),Deesa(Gujarat),110-140
Dry Chilli,20-Jul,Chilli Flakes (Low),Deesa(Gujarat),200
Dry Chilli,20-Jul,Chilli Flakes (Medium),Deesa(Gujarat),230
Dry Chilli,20-Jul,Chilli Flakes (Reguler),Deesa(Gujarat),250
Dry Chilli,20-Jul,Chilli Flakes (Deluxe),Deesa(Gujarat),290
Cumin seeds,20-Jul,Cumin Powder (Premium),Deesa(Gujarat),490
Cumin seeds,20-Jul,Cumin Powder (Medium),Deesa(Gujarat),410
Cumin seeds,20-Jul,Cumin Powder (Regular),Deesa(Gujarat),370
Cumin seeds,20-Jul,Cumin Powder (Low),Deesa(Gujarat),130-300
Coriander,20-Jul,Coriander Powder (Premium),Deesa(Gujarat),100
Coriander,20-Jul,Coriander Powder (Medium),Deesa(Gujarat),90
Coriander,20-Jul,Coriander Powder (Regular),Deesa(Gujarat),80
Coriander,20-Jul,Coriander Powder (Low),Deesa(Gujarat),55-60
Coriander,20-Jul,Quality Scooter,Mundra-port(Gujarat),100
Dry Chilli,20-Jul,Teja Stem,Guntur(Andhra Pradesh),245
Dry Chilli,20-Jul,Teja stem less,Guntur(Andhra Pradesh),345
Dry Chilli,20-Jul,Teja Stem Cut,Guntur(Andhra Pradesh),270
Dry Chilli,20-Jul,Sannam with stem,Guntur(Andhra Pradesh),240
Dry Chilli,20-Jul,Sannam stem less,Guntur(Andhra Pradesh),290
Dry Chilli,20-Jul,Syngenta Bydigi Stem,Guntur(Andhra Pradesh),220
Cumin seeds,20-Jul,Extra bold + 5% GST,Unjha(Gujarat),678
Cumin seeds,20-Jul,Diamond + 5% GST,Unjha(Gujarat),658
Cumin seeds,20-Jul,Bombay bold + 5% GST,Unjha(Gujarat),643
Cumin seeds,20-Jul,Jupiter + 5% GST,Unjha(Gujarat),633
Cumin seeds,20-Jul,Vivo + 5% GST,Unjha(Gujarat),623
Coriander,20-Jul,Bold Eagle + 5% GST,Unjha(Gujarat),73
Coriander,20-Jul,Bold Eagle plus + 5% GST,Unjha(Gujarat),80
Coriander,20-Jul,Bold Scooter + 5% GST,Unjha(Gujarat),83
Coriander,20-Jul,Bold Scooter plus + 5% GST,Unjha(Gujarat),85
Coriander,20-Jul,Bold Diamond + 5% GST,Unjha(Gujarat),96
Coriander,20-Jul,Bold Singal parrot + 5% GST,Unjha(Gujarat),105
Coriander,20-Jul,Split Eagle + 5% GST,Unjha(Gujarat),65
Coriander,20-Jul,Split Eagle plus + 5% GST,Unjha(Gujarat),68
Coriander,20-Jul,Split Scooter + 5% GST,Unjha(Gujarat),70
Coriander,20-Jul,Small Eagle plus(royal) + 5% GST,Unjha(Gujarat),80
Coriander,20-Jul,Small Scooter (seven star)+ 5% GST,Unjha(Gujarat),93
Coriander,20-Jul,Small Single parrot (ever green) + 5% GST,Unjha(Gujarat),129
Turmeric,20-Jul,Turmeric powder Curcumin content- around 3 % Moisture- less than5%,Sangli(Maharashtra),128
Cumin seeds,20-Jul,CUMIN POWDER,Rajkot(Gujarat),806
Coriander,20-Jul,CORIANDER POWDER,Rajkot(Gujarat),186
Turmeric,20-Jul,TURMERIC POWDER,Rajkot(Gujarat),112
Dry Chilli,20-Jul,RED CHILLY POWDER KASHMIR,Rajkot(Gujarat),930
Dry Chilli,20-Jul,RED CHILLY POWDER REGULAR,Rajkot(Gujarat),434
Dry Chilli,20-Jul,RED CHILLY POWDER TEJA,Rajkot(Gujarat),410
Dry Chilli,20-Jul,RED CHILLY POWDER LOWEST,Rajkot(Gujarat),286
Cumin seeds,20-Jul,Singapore 99,Udaipur(Rajasthan),639
Coriander,21-Jul,Badami,Kota(Rajasthan),79
Turmeric,21-Jul,Turmeric Finger Selum,Nanded(Maharashtra),130
Turmeric,21-Jul,Bulb Selum Premium Export Quality,Nanded(Maharashtra),130
Dry Chilli,21-Jul,Dehydrated Red Chilli powder,Shirdi(Maharashtra),250
Cumin seeds,21-Jul,Dehydrated Cumin powder,Shirdi(Maharashtra),360
Turmeric,21-Jul,1%,Shirdi(Maharashtra),90
Turmeric,21-Jul,1.50%,Shirdi(Maharashtra),100
Turmeric,21-Jul,2%,Shirdi(Maharashtra),105
Turmeric,21-Jul,2.50%,Shirdi(Maharashtra),110
Turmeric,21-Jul,3%,Shirdi(Maharashtra),115
Turmeric,21-Jul,4%,Shirdi(Maharashtra),120
Turmeric,21-Jul,5%,Shirdi(Maharashtra),135
Dry Chilli,21-Jul,Kashmiri red chilli,Shirdi(Maharashtra),490
Dry Chilli,21-Jul,Tikhala chilli powder (diamond),Shirdi(Maharashtra),310
Dry Chilli,21-Jul,Tikhala chilli powder (platinum),Shirdi(Maharashtra),290
Cumin seeds,21-Jul,A grade,Unjha(Gujarat),630
Turmeric,21-Jul,Turmeric powder best quality,Baroda(Gujarat),100
Dry Chilli,21-Jul,Chilli powder,Baroda(Gujarat),280
Dry Chilli,21-Jul,Chilli flake,Baroda(Gujarat),290
Turmeric,21-Jul,Turmeric finger,Baroda(Gujarat),110
Coriander,21-Jul,Coriander seeds,Baroda(Gujarat),110
Coriander,21-Jul,Coriander powder,Baroda(Gujarat),100
Cumin seeds,21-Jul,Cumin Seeds Singapore 99,Baroda(Gujarat),600
Cumin seeds,21-Jul,Cumin Seeds Powder,Baroda(Gujarat),400
Turmeric,21-Jul,Turmeric powder Curcumin content- around 3 % Moisture- less than5%,Sangli(Maharashtra),128
Dry Chilli,21-Jul,SANIYA SUPER DELUX WITH STEM,Jodhpur(Rajasthan),270
Dry Chilli,21-Jul,SANIYA SUPER DELUX STEMLESS,Jodhpur(Rajasthan),325
Dry Chilli,21-Jul,REVA SUPER DELUX WITH STEAM,Jodhpur(Rajasthan),300
Dry Chilli,21-Jul,WONDERHOT PLAIN DOUBLE PATTA DELUX WITH STEM,Jodhpur(Rajasthan),360
Dry Chilli,21-Jul,WONDERHOT SINGAL PATTA WITH STEM,Jodhpur(Rajasthan),330
Turmeric,21-Jul,TURMARIC NIZAMABAD DOUBLE POLICE,Jodhpur(Rajasthan),120
Turmeric,21-Jul,SALEM SINGAL POLICE,Jodhpur(Rajasthan),115
Turmeric,21-Jul,NIZAMABAD GATTHA DOUBLE POLICE,Jodhpur(Rajasthan),120
Turmeric,21-Jul,AADITYA 501 IROD GATTHA,Jodhpur(Rajasthan),125
Coriander,21-Jul,"Coriander Seeds Eagle,GST & Freight extra at actual",Pratapgarh(Rajasthan),75
Coriander,21-Jul,"Coriander Seeds Badami,GST & Freight extra at actual",Pratapgarh(Rajasthan),67
Cumin seeds,21-Jul,Singapore 99,Pratapgarh(Rajasthan),635
Coriander,21-Jul,Eagle,Rajkot(Gujarat),76
Coriander,21-Jul,Eagle plus,Rajkot(Gujarat),78
Coriander,21-Jul,Scooter,Rajkot(Gujarat),85
Coriander,21-Jul,Scooter plus,Rajkot(Gujarat),88
Coriander,21-Jul,Single parrot,Rajkot(Gujarat),98
Turmeric,21-Jul,"Turmeric powder,Curcumin content- 1%",Deesa(Gujarat),50
Turmeric,21-Jul,"Turmeric powder,Curcumin content- 1.5%",Deesa(Gujarat),65
Turmeric,21-Jul,"Turmeric powder,Curcumin content- 2%",Deesa(Gujarat),75
Turmeric,21-Jul,"Turmeric powder,Curcumin content- 2.5%",Deesa(Gujarat),82
Turmeric,21-Jul,"Turmeric powder,Curcumin content- 3%",Deesa(Gujarat),90
Turmeric,21-Jul,"Turmeric powder,Curcumin content- 4%",Deesa(Gujarat),105
Turmeric,21-Jul,"Turmeric powder,Curcumin content- 5%",Deesa(Gujarat),120
Dry Chilli,21-Jul,Chilli Powder (Kashmiri),Deesa(Gujarat),500-800
Dry Chilli,21-Jul,Chilli Powder (A Grade),Deesa(Gujarat),300
Dry Chilli,21-Jul,Chilli Powder (B Grade),Deesa(Gujarat),290
Dry Chilli,21-Jul,Chilli Powder (C Grade),Deesa(Gujarat),250
Dry Chilli,21-Jul,Chilli Powder (D Grade),Deesa(Gujarat),160
Dry Chilli,21-Jul,Chilli Powder (Russia Grade),Deesa(Gujarat),110-140
Dry Chilli,21-Jul,Chilli Flakes (Low),Deesa(Gujarat),200
Dry Chilli,21-Jul,Chilli Flakes (Medium),Deesa(Gujarat),230
Dry Chilli,21-Jul,Chilli Flakes (Reguler),Deesa(Gujarat),250
Dry Chilli,21-Jul,Chilli Flakes (Deluxe),Deesa(Gujarat),290
Cumin seeds,21-Jul,Cumin Powder (Premium),Deesa(Gujarat),490
Cumin seeds,21-Jul,Cumin Powder (Medium),Deesa(Gujarat),410
Cumin seeds,21-Jul,Cumin Powder (Regular),Deesa(Gujarat),370
Cumin seeds,21-Jul,Cumin Powder (Low),Deesa(Gujarat),130-300
Coriander,21-Jul,Coriander Powder (Premium),Deesa(Gujarat),100
Coriander,21-Jul,Coriander Powder (Medium),Deesa(Gujarat),90
Coriander,21-Jul,Coriander Powder (Regular),Deesa(Gujarat),80
Coriander,21-Jul,Coriander Powder (Low),Deesa(Gujarat),55-60
Coriander,21-Jul,Quality Scooter,Mundra-port(Gujarat),100
Dry Chilli,21-Jul,Teja Stem,Guntur(Andhra Pradesh),245
Dry Chilli,21-Jul,Teja stem less,Guntur(Andhra Pradesh),345
Dry Chilli,21-Jul,Teja Stem Cut,Guntur(Andhra Pradesh),270
Dry Chilli,21-Jul,Sannam with stem,Guntur(Andhra Pradesh),240
Dry Chilli,21-Jul,Sannam stem less,Guntur(Andhra Pradesh),290
Dry Chilli,21-Jul,Syngenta Bydigi Stem,Guntur(Andhra Pradesh),220
Cumin seeds,21-Jul,Extra bold + 5% GST,Unjha(Gujarat),683
Cumin seeds,21-Jul,Diamond + 5% GST,Unjha(Gujarat),663
Cumin seeds,21-Jul,Bombay bold + 5% GST,Unjha(Gujarat),648
Cumin seeds,21-Jul,Jupiter + 5% GST,Unjha(Gujarat),638
Cumin seeds,21-Jul,Vivo + 5% GST,Unjha(Gujarat),628
Coriander,21-Jul,Bold Eagle + 5% GST,Unjha(Gujarat),73
Coriander,21-Jul,Bold Eagle plus + 5% GST,Unjha(Gujarat),80
Coriander,21-Jul,Bold Scooter + 5% GST,Unjha(Gujarat),83
Coriander,21-Jul,Bold Scooter plus + 5% GST,Unjha(Gujarat),85
Coriander,21-Jul,Bold Diamond + 5% GST,Unjha(Gujarat),96
Coriander,21-Jul,Bold Singal parrot + 5% GST,Unjha(Gujarat),105
Coriander,21-Jul,Split Eagle + 5% GST,Unjha(Gujarat),65
Coriander,21-Jul,Split Eagle plus + 5% GST,Unjha(Gujarat),68
Coriander,21-Jul,Split Scooter + 5% GST,Unjha(Gujarat),70
Coriander,21-Jul,Small Eagle plus(royal) + 5% GST,Unjha(Gujarat),80
Coriander,21-Jul,Small Scooter (seven star)+ 5% GST,Unjha(Gujarat),93
Coriander,21-Jul,Small Single parrot (ever green) + 5% GST,Unjha(Gujarat),129
Turmeric,21-Jul,Turmeric powder Curcumin content- around 3 % Moisture- less than5%,Sangli(Maharashtra),125
Cumin seeds,21-Jul,CUMIN POWDER,Rajkot(Gujarat),806
Coriander,21-Jul,CORIANDER POWDER,Rajkot(Gujarat),186
Turmeric,21-Jul,TURMERIC POWDER,Rajkot(Gujarat),112
Dry Chilli,21-Jul,RED CHILLY POWDER KASHMIR,Rajkot(Gujarat),930
Dry Chilli,21-Jul,RED CHILLY POWDER REGULAR,Rajkot(Gujarat),434
Dry Chilli,21-Jul,RED CHILLY POWDER TEJA,Rajkot(Gujarat),410
Dry Chilli,21-Jul,RED CHILLY POWDER LOWEST,Rajkot(Gujarat),286
Cumin seeds,21-Jul,Singapore 99,Udaipur(Rajasthan),635
Coriander,21-Jul,CORIANDER EAGLE MACHINE,Rajkot(Gujarat),89
Coriander,21-Jul,CORIANDER EAGLE SORTEX,Rajkot(Gujarat),91
Coriander,21-Jul,CORIANDER SCOOTER,Rajkot(Gujarat),97
Coriander,21-Jul,CORIANDER SINGLE PARROT,Rajkot(Gujarat),111
Cumin seeds,21-Jul,CUMIN-JEERA SINGA-PORE 99,Rajkot(Gujarat),640
Cumin seeds,21-Jul,CUMIN-JEERA EUROPE 99,Rajkot(Gujarat),650
Cumin seeds,21-Jul,CUMIN-JEERA BOLD,Rajkot(Gujarat),660
Coriander,22-Jul,Badami,Kota(Rajasthan),79
Turmeric,22-Jul,Turmeric Finger Selum,Nanded(Maharashtra),130
Turmeric,22-Jul,Bulb Selum Premium Export Quality,Nanded(Maharashtra),130
Dry Chilli,22-Jul,Dehydrated Red Chilli powder,Shirdi(Maharashtra),250
Cumin seeds,22-Jul,Dehydrated Cumin powder,Shirdi(Maharashtra),360
Turmeric,22-Jul,1%,Shirdi(Maharashtra),90
Turmeric,22-Jul,1.50%,Shirdi(Maharashtra),100
Turmeric,22-Jul,2%,Shirdi(Maharashtra),105
Turmeric,22-Jul,2.50%,Shirdi(Maharashtra),110
Turmeric,22-Jul,3%,Shirdi(Maharashtra),115
Turmeric,22-Jul,4%,Shirdi(Maharashtra),120
Turmeric,22-Jul,5%,Shirdi(Maharashtra),135
Dry Chilli,22-Jul,Kashmiri red chilli,Shirdi(Maharashtra),490
Dry Chilli,22-Jul,Tikhala chilli powder (diamond),Shirdi(Maharashtra),310
Dry Chilli,22-Jul,Tikhala chilli powder (platinum),Shirdi(Maharashtra),290
Cumin seeds,22-Jul,A grade,Unjha(Gujarat),630
Turmeric,22-Jul,Turmeric powder best quality,Baroda(Gujarat),100
Dry Chilli,22-Jul,Chilli powder,Baroda(Gujarat),280
Dry Chilli,22-Jul,Chilli flake,Baroda(Gujarat),290
Turmeric,22-Jul,Turmeric finger,Baroda(Gujarat),110
Coriander,22-Jul,Coriander seeds,Baroda(Gujarat),110
Coriander,22-Jul,Coriander powder,Baroda(Gujarat),100
Cumin seeds,22-Jul,Cumin Seeds Singapore 99,Baroda(Gujarat),600
Cumin seeds,22-Jul,Cumin Seeds Powder,Baroda(Gujarat),400
Dry Chilli,22-Jul,SANIYA SUPER DELUX WITH STEM,Jodhpur(Rajasthan),270
Dry Chilli,22-Jul,SANIYA SUPER DELUX STEMLESS,Jodhpur(Rajasthan),325
Dry Chilli,22-Jul,REVA SUPER DELUX WITH STEAM,Jodhpur(Rajasthan),300
Dry Chilli,22-Jul,WONDERHOT PLAIN DOUBLE PATTA DELUX WITH STEM,Jodhpur(Rajasthan),360
Dry Chilli,22-Jul,WONDERHOT SINGAL PATTA WITH STEM,Jodhpur(Rajasthan),330
Turmeric,22-Jul,TURMARIC NIZAMABAD DOUBLE POLICE,Jodhpur(Rajasthan),120
Turmeric,22-Jul,NIZAMABAD DOUBLE POLICE,Jodhpur(Rajasthan),125
Turmeric,22-Jul,SALAM FALI VASHNAVI 108 BRAND,Jodhpur(Rajasthan),120
Turmeric,22-Jul,NIZAMABAD GATHHA DOUBLE POLICE,Jodhpur(Rajasthan),125
Turmeric,22-Jul,SALEM GATHHA,Jodhpur(Rajasthan),122
Coriander,22-Jul,"Coriander Seeds Eagle,GST & Freight extra at actual",Pratapgarh(Rajasthan),75
Coriander,22-Jul,"Coriander Seeds Badami,GST & Freight extra at actual",Pratapgarh(Rajasthan),67
Cumin seeds,22-Jul,Singapore 99,Pratapgarh(Rajasthan),635
Coriander,22-Jul,Eagle,Rajkot(Gujarat),76
Coriander,22-Jul,Eagle plus,Rajkot(Gujarat),78
Coriander,22-Jul,Scooter,Rajkot(Gujarat),85
Coriander,22-Jul,Scooter plus,Rajkot(Gujarat),88
Coriander,22-Jul,Single parrot,Rajkot(Gujarat),98
Turmeric,22-Jul,"Turmeric powder,Curcumin content- 1%",Deesa(Gujarat),50
Turmeric,22-Jul,"Turmeric powder,Curcumin content- 1.5%",Deesa(Gujarat),65
Turmeric,22-Jul,"Turmeric powder,Curcumin content- 2%",Deesa(Gujarat),75
Turmeric,22-Jul,"Turmeric powder,Curcumin content- 2.5%",Deesa(Gujarat),82
Turmeric,22-Jul,"Turmeric powder,Curcumin content- 3%",Deesa(Gujarat),90
Turmeric,22-Jul,"Turmeric powder,Curcumin content- 4%",Deesa(Gujarat),105
Turmeric,22-Jul,"Turmeric powder,Curcumin content- 5%",Deesa(Gujarat),120
Dry Chilli,22-Jul,Chilli Powder (Kashmiri),Deesa(Gujarat),500-800
Dry Chilli,22-Jul,Chilli Powder (A Grade),Deesa(Gujarat),300
Dry Chilli,22-Jul,Chilli Powder (B Grade),Deesa(Gujarat),290
Dry Chilli,22-Jul,Chilli Powder (C Grade),Deesa(Gujarat),250
Dry Chilli,22-Jul,Chilli Powder (D Grade),Deesa(Gujarat),160
Dry Chilli,22-Jul,Chilli Powder (Russia Grade),Deesa(Gujarat),110-140
Dry Chilli,22-Jul,Chilli Flakes (Low),Deesa(Gujarat),200
Dry Chilli,22-Jul,Chilli Flakes (Medium),Deesa(Gujarat),230
Dry Chilli,22-Jul,Chilli Flakes (Reguler),Deesa(Gujarat),250
Dry Chilli,22-Jul,Chilli Flakes (Deluxe),Deesa(Gujarat),290
Cumin seeds,22-Jul,Cumin Powder (Premium),Deesa(Gujarat),490
Cumin seeds,22-Jul,Cumin Powder (Medium),Deesa(Gujarat),410
Cumin seeds,22-Jul,Cumin Powder (Regular),Deesa(Gujarat),370
Cumin seeds,22-Jul,Cumin Powder (Low),Deesa(Gujarat),130-300
Coriander,22-Jul,Coriander Powder (Premium),Deesa(Gujarat),100
Coriander,22-Jul,Coriander Powder (Medium),Deesa(Gujarat),90
Coriander,22-Jul,Coriander Powder (Regular),Deesa(Gujarat),80
Coriander,22-Jul,Coriander Powder (Low),Deesa(Gujarat),55-60
Coriander,22-Jul,Quality Scooter,Mundra-port(Gujarat),100
Dry Chilli,22-Jul,Teja Stem,Guntur(Andhra Pradesh),245
Dry Chilli,22-Jul,Teja stem less,Guntur(Andhra Pradesh),345
Dry Chilli,22-Jul,Teja Stem Cut,Guntur(Andhra Pradesh),270
Dry Chilli,22-Jul,Sannam with stem,Guntur(Andhra Pradesh),240
Dry Chilli,22-Jul,Sannam stem less,Guntur(Andhra Pradesh),290
Dry Chilli,22-Jul,Syngenta Bydigi Stem,Guntur(Andhra Pradesh),220
Cumin seeds,22-Jul,Extra bold + 5% GST,Unjha(Gujarat),683
Cumin seeds,22-Jul,Diamond + 5% GST,Unjha(Gujarat),663
Cumin seeds,22-Jul,Bombay bold + 5% GST,Unjha(Gujarat),648
Cumin seeds,22-Jul,Jupiter + 5% GST,Unjha(Gujarat),638
Cumin seeds,22-Jul,Vivo + 5% GST,Unjha(Gujarat),628
Coriander,22-Jul,Bold Eagle + 5% GST,Unjha(Gujarat),73
Coriander,22-Jul,Bold Eagle plus + 5% GST,Unjha(Gujarat),80
Coriander,22-Jul,Bold Scooter + 5% GST,Unjha(Gujarat),85
Coriander,22-Jul,Bold Scooter plus + 5% GST,Unjha(Gujarat),88
Coriander,22-Jul,Bold Diamond + 5% GST,Unjha(Gujarat),105
Coriander,22-Jul,Bold Singal parrot + 5% GST,Unjha(Gujarat),105
Coriander,22-Jul,Split Eagle + 5% GST,Unjha(Gujarat),70
Coriander,22-Jul,Split Eagle plus + 5% GST,Unjha(Gujarat),68
Coriander,22-Jul,Split Scooter + 5% GST,Unjha(Gujarat),70
Coriander,22-Jul,Small Eagle plus(royal) + 5% GST,Unjha(Gujarat),85
Coriander,22-Jul,Small Scooter (seven star)+ 5% GST,Unjha(Gujarat),95
Coriander,22-Jul,Small Single parrot (ever green) + 5% GST,Unjha(Gujarat),125
Turmeric,22-Jul,Turmeric powder Curcumin content- around 3 % Moisture- less than5%,Sangli(Maharashtra),125
Cumin seeds,22-Jul,CUMIN POWDER,Rajkot(Gujarat),806
Coriander,22-Jul,CORIANDER POWDER,Rajkot(Gujarat),186
Turmeric,22-Jul,TURMERIC POWDER,Rajkot(Gujarat),112
Dry Chilli,22-Jul,RED CHILLY POWDER KASHMIR,Rajkot(Gujarat),930
Dry Chilli,22-Jul,RED CHILLY POWDER REGULAR,Rajkot(Gujarat),434
Dry Chilli,22-Jul,RED CHILLY POWDER TEJA,Rajkot(Gujarat),410
Dry Chilli,22-Jul,RED CHILLY POWDER LOWEST,Rajkot(Gujarat),286
Cumin seeds,22-Jul,Singapore 99,Udaipur(Rajasthan),635
Coriander,22-Jul,CORIANDER EAGLE MACHINE,Rajkot(Gujarat),89
Coriander,22-Jul,CORIANDER EAGLE SORTEX,Rajkot(Gujarat),91
Coriander,22-Jul,CORIANDER SCOOTER,Rajkot(Gujarat),97
Coriander,22-Jul,CORIANDER SINGLE PARROT,Rajkot(Gujarat),111
Cumin seeds,22-Jul,CUMIN-JEERA SINGA-PORE 99,Rajkot(Gujarat),640
Cumin seeds,22-Jul,CUMIN-JEERA EUROPE 99,Rajkot(Gujarat),650
Cumin seeds,22-Jul,CUMIN-JEERA BOLD,Rajkot(Gujarat),660
Coriander,22-Jul,Badami loose,Ramganj-Mandi(Rajasthan),50-66
Coriander,22-Jul,Eagle loose,Ramganj-Mandi(Rajasthan),68-79
Coriander,22-Jul,Scooter loose,Ramganj-Mandi(Rajasthan),80-95
Coriander,22-Jul,Single parrot,Ramganj-Mandi(Rajasthan),80-95
Coriander,22-Jul,Double parrot and extra green,Ramganj-Mandi(Rajasthan),95+
Coriander,22-Jul,Dal(Eagle),Ramganj-Mandi(Rajasthan),78
Coriander,22-Jul,Eagle,Ramganj-Mandi(Rajasthan),85
Coriander,22-Jul,Scooter,Ramganj-Mandi(Rajasthan),105
Coriander,22-Jul,Single parrot,Ramganj-Mandi(Rajasthan),115
Turmeric,22-Jul,Turmeric Finger Selum,Nanded(Maharashtra),120
Turmeric,22-Jul,Bulb Selum Premium Export Quality,Nanded(Maharashtra),115
Turmeric,24-Jul,Turmeric Finger Selum,Nanded(Maharashtra),120
Turmeric,24-Jul,Bulb Selum Premium Export Quality,Nanded(Maharashtra),115
Turmeric,24-Jul,Turmeric powder best quality,Baroda(Gujarat),100
Dry Chilli,24-Jul,Chilli powder,Baroda(Gujarat),280
Dry Chilli,24-Jul,Chilli flake,Baroda(Gujarat),290
Turmeric,24-Jul,Turmeric finger,Baroda(Gujarat),110
Coriander,24-Jul,Coriander seeds,Baroda(Gujarat),110
Coriander,24-Jul,Coriander powder,Baroda(Gujarat),100
Cumin seeds,24-Jul,Cumin Seeds Singapore 99,Baroda(Gujarat),600
Cumin seeds,24-Jul,Cumin Seeds Powder,Baroda(Gujarat),400
Dry Chilli,24-Jul,saniya deluxe,Jodhpur(Rajasthan),250
Cumin seeds,24-Jul,CUMIN POWDER,Rajkot(Gujarat),806
Coriander,24-Jul,CORIANDER POWDER,Rajkot(Gujarat),186
Turmeric,24-Jul,TURMERIC POWDER,Rajkot(Gujarat),112
Dry Chilli,24-Jul,RED CHILLY POWDER KASHMIR,Rajkot(Gujarat),930
Dry Chilli,24-Jul,RED CHILLY POWDER REGULAR,Rajkot(Gujarat),434
Dry Chilli,24-Jul,RED CHILLY POWDER TEJA,Rajkot(Gujarat),410
Dry Chilli,24-Jul,RED CHILLY POWDER LOWEST,Rajkot(Gujarat),286
Dry Chilli,24-Jul,SANIYA SUPER DELUX WITH STEM,Jodhpur(Rajasthan),270
Dry Chilli,24-Jul,SANIYA SUPER DELUX STEMLESS,Jodhpur(Rajasthan),325
Dry Chilli,24-Jul,REVA SUPER DELUX WITH STEAM,Jodhpur(Rajasthan),300
Dry Chilli,24-Jul,WONDERHOT PLAIN DOUBLE PATTA DELUX WITH STEM,Jodhpur(Rajasthan),360
Dry Chilli,24-Jul,WONDERHOT SINGAL PATTA WITH STEM,Jodhpur(Rajasthan),330
Turmeric,24-Jul,TURMARIC NIZAMABAD DOUBLE POLICE,Jodhpur(Rajasthan),120
Turmeric,24-Jul,NIZAMABAD DOUBLE POLICE,Jodhpur(Rajasthan),125
Turmeric,24-Jul,SALAM FALI VASHNAVI 108 BRAND,Jodhpur(Rajasthan),120
Turmeric,24-Jul,NIZAMABAD GATHHA DOUBLE POLICE,Jodhpur(Rajasthan),125
Turmeric,24-Jul,SALEM GATHHA,Jodhpur(Rajasthan),122
Coriander,24-Jul,Eagle,Rajkot(Gujarat),80
Coriander,24-Jul,Eagle plus,Rajkot(Gujarat),82
Coriander,24-Jul,Scooter,Rajkot(Gujarat),90
Coriander,24-Jul,Scooter plus,Rajkot(Gujarat),92
Coriander,24-Jul,Single parrot,Rajkot(Gujarat),102
Cumin seeds,24-Jul,A grade,Unjha(Gujarat),630
Turmeric,24-Jul,Turmeric powder Curcumin content- around 3 % Moisture- less than5%,Sangli(Maharashtra),128
Cumin seeds,24-Jul,Singapore 99,Kanpur(Uttar Pradesh),710
Dry Chilli,24-Jul,Dehydrated Red Chilli powder,Shirdi(Maharashtra),250
Cumin seeds,24-Jul,Dehydrated Cumin powder,Shirdi(Maharashtra),360
Turmeric,24-Jul,1%,Shirdi(Maharashtra),90
Turmeric,24-Jul,1.50%,Shirdi(Maharashtra),100
Turmeric,24-Jul,2%,Shirdi(Maharashtra),105
Turmeric,24-Jul,2.50%,Shirdi(Maharashtra),110
Turmeric,24-Jul,3%,Shirdi(Maharashtra),115
Turmeric,24-Jul,4%,Shirdi(Maharashtra),120
Turmeric,24-Jul,5%,Shirdi(Maharashtra),135
Dry Chilli,24-Jul,Kashmiri red chilli,Shirdi(Maharashtra),490
Dry Chilli,24-Jul,Tikhala chilli powder (diamond),Shirdi(Maharashtra),310
Dry Chilli,24-Jul,Tikhala chilli powder (platinum),Shirdi(Maharashtra),290
Cumin seeds,24-Jul,Extra bold + 5% GST,Unjha(Gujarat),685
Cumin seeds,24-Jul,Diamond + 5% GST,Unjha(Gujarat),665
Cumin seeds,24-Jul,Bombay bold + 5% GST,Unjha(Gujarat),650
Cumin seeds,24-Jul,Jupiter + 5% GST,Unjha(Gujarat),640
Cumin seeds,24-Jul,Vivo + 5% GST,Unjha(Gujarat),630
Coriander,24-Jul,Bold Eagle + 5% GST,Unjha(Gujarat),81
Coriander,24-Jul,Bold Eagle plus + 5% GST,Unjha(Gujarat),87
Coriander,24-Jul,Bold Scooter + 5% GST,Unjha(Gujarat),89
Coriander,24-Jul,Bold Scooter plus + 5% GST,Unjha(Gujarat),88
Coriander,24-Jul,Bold Diamond + 5% GST,Unjha(Gujarat),106
Coriander,24-Jul,Bold Singal parrot + 5% GST,Unjha(Gujarat),105
Coriander,24-Jul,Split Eagle + 5% GST,Unjha(Gujarat),70
Coriander,24-Jul,Split Eagle plus + 5% GST,Unjha(Gujarat),68
Coriander,24-Jul,Split Scooter + 5% GST,Unjha(Gujarat),70
Coriander,24-Jul,Small Eagle plus(royal) + 5% GST,Unjha(Gujarat),85
Coriander,24-Jul,Small Scooter (seven star)+ 5% GST,Unjha(Gujarat),95
Coriander,24-Jul,Small Single parrot (ever green) + 5% GST,Unjha(Gujarat),125
Coriander,24-Jul,Badami loose,Ramganj-Mandi(Rajasthan),50-68
Coriander,24-Jul,Eagle loose,Ramganj-Mandi(Rajasthan),68-79
Coriander,24-Jul,Scooter loose,Ramganj-Mandi(Rajasthan),80-95
Coriander,24-Jul,Double parrot and extra green,Ramganj-Mandi(Rajasthan),95+
Coriander,24-Jul,Dal(Eagle),Ramganj-Mandi(Rajasthan),78
Coriander,24-Jul,Eagle,Ramganj-Mandi(Rajasthan),87
Coriander,24-Jul,Scooter,Ramganj-Mandi(Rajasthan),110
Coriander,24-Jul,Badami,Kota(Rajasthan),83
Turmeric,25-Jul,Turmeric Finger Selum,Nanded(Maharashtra),120
Turmeric,25-Jul,Bulb Selum Premium Export Quality,Nanded(Maharashtra),115
Turmeric,25-Jul,Turmeric powder best quality,Baroda(Gujarat),100
Dry Chilli,25-Jul,Chilli powder,Baroda(Gujarat),280
Dry Chilli,25-Jul,Chilli flake,Baroda(Gujarat),290
Turmeric,25-Jul,Turmeric finger,Baroda(Gujarat),110
Coriander,25-Jul,Coriander seeds,Baroda(Gujarat),110
Coriander,25-Jul,Coriander powder,Baroda(Gujarat),100
Cumin seeds,25-Jul,Cumin Seeds Singapore 99,Baroda(Gujarat),600
Cumin seeds,25-Jul,Cumin Seeds Powder,Baroda(Gujarat),400
Dry Chilli,25-Jul,saniya deluxe,Jodhpur(Rajasthan),250
Cumin seeds,25-Jul,CUMIN POWDER,Rajkot(Gujarat),806
Coriander,25-Jul,CORIANDER POWDER,Rajkot(Gujarat),186
Turmeric,25-Jul,TURMERIC POWDER,Rajkot(Gujarat),112
Dry Chilli,25-Jul,RED CHILLY POWDER KASHMIR,Rajkot(Gujarat),930
Dry Chilli,25-Jul,RED CHILLY POWDER REGULAR,Rajkot(Gujarat),434
Dry Chilli,25-Jul,RED CHILLY POWDER TEJA,Rajkot(Gujarat),410
Dry Chilli,25-Jul,RED CHILLY POWDER LOWEST,Rajkot(Gujarat),286
Dry Chilli,25-Jul,SANIYA SUPER DELUX WITH STEM,Jodhpur(Rajasthan),270
Dry Chilli,25-Jul,SANIYA SUPER DELUX STEMLESS,Jodhpur(Rajasthan),325
Dry Chilli,25-Jul,REVA SUPER DELUX WITH STEAM,Jodhpur(Rajasthan),300
Dry Chilli,25-Jul,WONDERHOT PLAIN DOUBLE PATTA DELUX WITH STEM,Jodhpur(Rajasthan),360
Dry Chilli,25-Jul,WONDERHOT SINGAL PATTA WITH STEM,Jodhpur(Rajasthan),330
Turmeric,25-Jul,TURMARIC NIZAMABAD DOUBLE POLICE,Jodhpur(Rajasthan),120
Turmeric,25-Jul,NIZAMABAD DOUBLE POLICE,Jodhpur(Rajasthan),125
Turmeric,25-Jul,SALAM FALI VASHNAVI 108 BRAND,Jodhpur(Rajasthan),120
Turmeric,25-Jul,NIZAMABAD GATHHA DOUBLE POLICE,Jodhpur(Rajasthan),125
Turmeric,25-Jul,SALEM GATHHA,Jodhpur(Rajasthan),122
Coriander,25-Jul,Eagle,Rajkot(Gujarat),80
Coriander,25-Jul,Eagle plus,Rajkot(Gujarat),82
Coriander,25-Jul,Scooter,Rajkot(Gujarat),90
Coriander,25-Jul,Scooter plus,Rajkot(Gujarat),92
Coriander,25-Jul,Single parrot,Rajkot(Gujarat),102
Cumin seeds,25-Jul,A grade,Unjha(Gujarat),630
Turmeric,25-Jul,Turmeric powder Curcumin content- around 3 % Moisture- less than5%,Sangli(Maharashtra),128
Cumin seeds,25-Jul,Singapore 99,Kanpur(Uttar Pradesh),710
Coriander,25-Jul,"Coriander Seeds Eagle,GST & Freight extra at actual",Pratapgarh(Rajasthan),75
Coriander,25-Jul,"Coriander Seeds Badami,GST & Freight extra at actual",Pratapgarh(Rajasthan),67
Cumin seeds,25-Jul,Singapore 99,Pratapgarh(Rajasthan),628
Coriander,25-Jul,Quality Scooter,Mundra-port(Gujarat),98
Cumin seeds,25-Jul,Extra bold + 5% GST,Unjha(Gujarat),685
Cumin seeds,25-Jul,Diamond + 5% GST,Unjha(Gujarat),665
Cumin seeds,25-Jul,Bombay bold + 5% GST,Unjha(Gujarat),650
Cumin seeds,25-Jul,Jupiter + 5% GST,Unjha(Gujarat),640
Cumin seeds,25-Jul,Vivo + 5% GST,Unjha(Gujarat),630
Coriander,25-Jul,Bold Eagle + 5% GST,Unjha(Gujarat),81
Coriander,25-Jul,Bold Eagle plus + 5% GST,Unjha(Gujarat),87
Coriander,25-Jul,Bold Scooter + 5% GST,Unjha(Gujarat),89
Coriander,25-Jul,Bold Scooter plus + 5% GST,Unjha(Gujarat),88
Coriander,25-Jul,Bold Diamond + 5% GST,Unjha(Gujarat),106
Coriander,25-Jul,Bold Singal parrot + 5% GST,Unjha(Gujarat),105
Coriander,25-Jul,Split Eagle + 5% GST,Unjha(Gujarat),70
Coriander,25-Jul,Split Eagle plus + 5% GST,Unjha(Gujarat),68
Coriander,25-Jul,Split Scooter + 5% GST,Unjha(Gujarat),70
Coriander,25-Jul,Small Eagle plus(royal) + 5% GST,Unjha(Gujarat),85
Coriander,25-Jul,Small Scooter (seven star)+ 5% GST,Unjha(Gujarat),95
Coriander,25-Jul,Small Single parrot (ever green) + 5% GST,Unjha(Gujarat),125
Dry Chilli,25-Jul,Dehydrated Red Chilli powder,Shirdi(Maharashtra),250
Cumin seeds,25-Jul,Dehydrated Cumin powder,Shirdi(Maharashtra),360
Turmeric,25-Jul,1%,Shirdi(Maharashtra),90
Turmeric,25-Jul,1.50%,Shirdi(Maharashtra),100
Turmeric,25-Jul,2%,Shirdi(Maharashtra),105
Turmeric,25-Jul,2.50%,Shirdi(Maharashtra),110
Turmeric,25-Jul,3%,Shirdi(Maharashtra),115
Turmeric,25-Jul,4%,Shirdi(Maharashtra),120
Turmeric,25-Jul,5%,Shirdi(Maharashtra),135
Dry Chilli,25-Jul,Kashmiri red chilli,Shirdi(Maharashtra),490
Dry Chilli,25-Jul,Tikhala chilli powder (diamond),Shirdi(Maharashtra),310
Dry Chilli,25-Jul,Tikhala chilli powder (platinum),Shirdi(Maharashtra),290
Cumin seeds,25-Jul,Singapore 99,Udaipur(Rajasthan),650
Coriander,25-Jul,Badami,Kota(Rajasthan),83
Coriander,25-Jul,Badami loose,Ramganj-Mandi(Rajasthan),50-68
Coriander,25-Jul,Eagle loose,Ramganj-Mandi(Rajasthan),68-79
Coriander,25-Jul,Scooter loose,Ramganj-Mandi(Rajasthan),80-95
Coriander,25-Jul,Double parrot and extra green,Ramganj-Mandi(Rajasthan),95+
Coriander,25-Jul,Dal(Eagle),Ramganj-Mandi(Rajasthan),78
Coriander,25-Jul,Eagle,Ramganj-Mandi(Rajasthan),87
Coriander,25-Jul,Scooter,Ramganj-Mandi(Rajasthan),110
Coriander,25-Jul,Single Parrot,Ramganj-Mandi(Rajasthan),130
Coriander,25-Jul,Eagle Split,Ramganj-Mandi(Rajasthan),78
Coriander,25-Jul,Eagle Machine Clean,Ramganj-Mandi(Rajasthan),90
Coriander,25-Jul,Scooter Machine Clean,Ramganj-Mandi(Rajasthan),115
Cumin seeds,25-Jul,Cumin Seeds,Kolkata(West Bengal),610
Cumin seeds,25-Jul,Cumin Seeds,Kolkata(West Bengal),540
Turmeric,26-Jul,Turmeric Finger Selum,Nanded(Maharashtra),160
Turmeric,26-Jul,Bulb Selum Premium Export Quality,Nanded(Maharashtra),150
Turmeric,26-Jul,Turmeric powder best quality,Baroda(Gujarat),100
Dry Chilli,26-Jul,Chilli powder,Baroda(Gujarat),280
Dry Chilli,26-Jul,Chilli flake,Baroda(Gujarat),290
Turmeric,26-Jul,Turmeric finger,Baroda(Gujarat),110
Coriander,26-Jul,Coriander seeds,Baroda(Gujarat),110
Coriander,26-Jul,Coriander powder,Baroda(Gujarat),100
Cumin seeds,26-Jul,Cumin Seeds Singapore 99,Baroda(Gujarat),600
Cumin seeds,26-Jul,Cumin Seeds Powder,Baroda(Gujarat),400
Dry Chilli,26-Jul,saniya deluxe,Jodhpur(Rajasthan),250
Cumin seeds,26-Jul,CUMIN POWDER,Rajkot(Gujarat),806
Coriander,26-Jul,CORIANDER POWDER,Rajkot(Gujarat),186
Turmeric,26-Jul,TURMERIC POWDER,Rajkot(Gujarat),112
Dry Chilli,26-Jul,RED CHILLY POWDER KASHMIR,Rajkot(Gujarat),930
Dry Chilli,26-Jul,RED CHILLY POWDER REGULAR,Rajkot(Gujarat),434
Dry Chilli,26-Jul,RED CHILLY POWDER TEJA,Rajkot(Gujarat),410
Dry Chilli,26-Jul,RED CHILLY POWDER LOWEST,Rajkot(Gujarat),286
Dry Chilli,26-Jul,SANIYA SUPER DELUX WITH STEM,Jodhpur(Rajasthan),270
Dry Chilli,26-Jul,SANIYA SUPER DELUX STEMLESS,Jodhpur(Rajasthan),325
Dry Chilli,26-Jul,REVA SUPER DELUX WITH STEAM,Jodhpur(Rajasthan),300
Dry Chilli,26-Jul,WONDERHOT PLAIN DOUBLE PATTA DELUX WITH STEM,Jodhpur(Rajasthan),360
Dry Chilli,26-Jul,WONDERHOT SINGAL PATTA WITH STEM,Jodhpur(Rajasthan),330
Turmeric,26-Jul,TURMARIC NIZAMABAD DOUBLE POLICE,Jodhpur(Rajasthan),120
Turmeric,26-Jul,NIZAMABAD DOUBLE POLICE,Jodhpur(Rajasthan),125
Turmeric,26-Jul,SALAM FALI VASHNAVI 108 BRAND,Jodhpur(Rajasthan),120
Turmeric,26-Jul,NIZAMABAD GATHHA DOUBLE POLICE,Jodhpur(Rajasthan),125
Turmeric,26-Jul,SALEM GATHHA,Jodhpur(Rajasthan),122
Turmeric,26-Jul,TURMARIC NIZAMABAD DOUBLE POLICE,Jodhpur(Rajasthan),120
Turmeric,26-Jul,SALEM SINGAL POLICE,Jodhpur(Rajasthan),115
Turmeric,26-Jul,NIZAMABAD GATTHA DOUBLE POLICE,Jodhpur(Rajasthan),120
Turmeric,26-Jul,AADITYA 501 IROD GATTHA,Jodhpur(Rajasthan),125
Coriander,26-Jul,Eagle,Rajkot(Gujarat),80
Coriander,26-Jul,Eagle plus,Rajkot(Gujarat),82
Coriander,26-Jul,Scooter,Rajkot(Gujarat),90
Coriander,26-Jul,Scooter plus,Rajkot(Gujarat),92
Coriander,26-Jul,Single parrot,Rajkot(Gujarat),102
Cumin seeds,26-Jul,A grade,Unjha(Gujarat),630
Turmeric,26-Jul,Turmeric powder Curcumin content- around 3 % Moisture- less than5%,Sangli(Maharashtra),128
Cumin seeds,26-Jul,Singapore 99,Kanpur(Uttar Pradesh),710
Coriander,26-Jul,"Coriander Seeds Eagle,GST & Freight extra at actual",Pratapgarh(Rajasthan),75
Coriander,26-Jul,"Coriander Seeds Badami,GST & Freight extra at actual",Pratapgarh(Rajasthan),67
Cumin seeds,26-Jul,Singapore 99,Pratapgarh(Rajasthan),628
Coriander,26-Jul,Quality Scooter,Mundra-port(Gujarat),98
Dry Chilli,26-Jul,Dehydrated Red Chilli powder,Shirdi(Maharashtra),250
Cumin seeds,26-Jul,Dehydrated Cumin powder,Shirdi(Maharashtra),360
Turmeric,26-Jul,1%,Shirdi(Maharashtra),90
Turmeric,26-Jul,1.50%,Shirdi(Maharashtra),100
Turmeric,26-Jul,2%,Shirdi(Maharashtra),105
Turmeric,26-Jul,2.50%,Shirdi(Maharashtra),110
Turmeric,26-Jul,3%,Shirdi(Maharashtra),115
Turmeric,26-Jul,4%,Shirdi(Maharashtra),120
Turmeric,26-Jul,5%,Shirdi(Maharashtra),135
Dry Chilli,26-Jul,Kashmiri red chilli,Shirdi(Maharashtra),490
Dry Chilli,26-Jul,Tikhala chilli powder (diamond),Shirdi(Maharashtra),310
Dry Chilli,26-Jul,Tikhala chilli powder (platinum),Shirdi(Maharashtra),290
Cumin seeds,26-Jul,Cumin Seeds,Kolkata(West Bengal),610
Cumin seeds,26-Jul,Cumin Seeds,Kolkata(West Bengal),540
Cumin seeds,26-Jul,Extra bold + 5% GST,Unjha(Gujarat),677
Cumin seeds,26-Jul,Diamond + 5% GST,Unjha(Gujarat),657
Cumin seeds,26-Jul,Bombay bold + 5% GST,Unjha(Gujarat),642
Cumin seeds,26-Jul,Jupiter + 5% GST,Unjha(Gujarat),632
Cumin seeds,26-Jul,Vivo + 5% GST,Unjha(Gujarat),622
Coriander,26-Jul,Bold Eagle + 5% GST,Unjha(Gujarat),81
Coriander,26-Jul,Bold Eagle plus + 5% GST,Unjha(Gujarat),83
Coriander,26-Jul,Bold Scooter + 5% GST,Unjha(Gujarat),89
Coriander,26-Jul,Bold Scooter plus + 5% GST,Unjha(Gujarat),91
Coriander,26-Jul,Bold Diamond + 5% GST,Unjha(Gujarat),108
Coriander,26-Jul,Bold Singal parrot + 5% GST,Unjha(Gujarat),105
Coriander,26-Jul,Split Eagle + 5% GST,Unjha(Gujarat),79
Coriander,26-Jul,Split Eagle plus + 5% GST,Unjha(Gujarat),68
Coriander,26-Jul,Split Scooter + 5% GST,Unjha(Gujarat),70
Coriander,26-Jul,Small Eagle plus(royal) + 5% GST,Unjha(Gujarat),88
Coriander,26-Jul,Small Scooter (seven star)+ 5% GST,Unjha(Gujarat),98
Coriander,26-Jul,Small Single parrot (ever green) + 5% GST,Unjha(Gujarat),128
Coriander,26-Jul,Badami,Kota(Rajasthan),83
Coriander,26-Jul,Badami loose,Ramganj-Mandi(Rajasthan),50-68
Coriander,26-Jul,Eagle loose,Ramganj-Mandi(Rajasthan),68-79
Coriander,26-Jul,Scooter loose,Ramganj-Mandi(Rajasthan),80-95
Coriander,26-Jul,Double parrot and extra green,Ramganj-Mandi(Rajasthan),95+
Coriander,26-Jul,Dal(Eagle),Ramganj-Mandi(Rajasthan),78
Coriander,26-Jul,Eagle,Ramganj-Mandi(Rajasthan),87
Coriander,26-Jul,Scooter,Ramganj-Mandi(Rajasthan),110
Coriander,26-Jul,Single Parrot,Ramganj-Mandi(Rajasthan),130
Coriander,26-Jul,Eagle Split,Ramganj-Mandi(Rajasthan),78
Coriander,26-Jul,Eagle Machine Clean,Ramganj-Mandi(Rajasthan),90
Coriander,26-Jul,Scooter Machine Clean,Ramganj-Mandi(Rajasthan),115
Cumin seeds,26-Jul,Singapore 99,Udaipur(Rajasthan),625
Cumin seeds,26-Jul,Singapore 99,Unjha(Gujarat),605
Cumin seeds,26-Jul,singapor-99.99,Rajkot(Gujarat),602
Cumin seeds,26-Jul,europe quality,Rajkot(Gujarat),610
Cumin seeds,26-Jul,third grade,Rajkot(Gujarat),590
Coriander,26-Jul,Eagle,Rajkot(Gujarat),89
Coriander,26-Jul,Eagle+,Rajkot(Gujarat),93
Coriander,26-Jul,Scooter,Rajkot(Gujarat),80
Dry Chilli,27-Jul,Dry Chilli Powder,Malad East,280
Turmeric,27-Jul,Turmeric Powder,Malad East,150
Coriander,27-Jul,Coriander Powder,Malad East,170
Dry Chilli,27-Jul,Kashmiri Mirch Powder,Malad East,730
Dry Chilli,27-Jul,Bedgi Mirch,Malad East,540
Dry Chilli,27-Jul,Kashmiri Mirch,Malad East,650
Dry Chilli,27-Jul,Lavangi Mirch,Malad East,260
Coriander,27-Jul,Dhaniya(Coriander),Malad East,140
Coriander,27-Jul,"Coriander Seeds Eagle,GST & Freight extra at actual",Pratapgarh(Rajasthan),75
Coriander,27-Jul,"Coriander Seeds Badami,GST & Freight extra at actual",Pratapgarh(Rajasthan),67
Cumin seeds,27-Jul,Singapore 99,Pratapgarh(Rajasthan),628
Turmeric,27-Jul,Turmeric powder Curcumin content- around 3 % Moisture- less than5%,Sangli(Maharashtra),125
Dry Chilli,27-Jul,"Dry Red Chilli with stem,Deluxe Quality",Sangli(Maharashtra),250
Cumin seeds,27-Jul,Singapore 99,Udaipur(Rajasthan),600
Cumin seeds,27-Jul,Extra bold + 5% GST,Unjha(Gujarat),670
Cumin seeds,27-Jul,Diamond + 5% GST,Unjha(Gujarat),650
Cumin seeds,27-Jul,Bombay bold + 5% GST,Unjha(Gujarat),635
Cumin seeds,27-Jul,Jupiter + 5% GST,Unjha(Gujarat),625
Cumin seeds,27-Jul,Vivo + 5% GST,Unjha(Gujarat),615
Coriander,27-Jul,Bold Eagle + 5% GST,Unjha(Gujarat),81
Coriander,27-Jul,Bold Eagle plus + 5% GST,Unjha(Gujarat),83
Coriander,27-Jul,Bold Scooter + 5% GST,Unjha(Gujarat),89
Coriander,27-Jul,Bold Scooter plus + 5% GST,Unjha(Gujarat),91
Coriander,27-Jul,Bold Diamond + 5% GST,Unjha(Gujarat),108
Coriander,27-Jul,Bold Singal parrot + 5% GST,Unjha(Gujarat),105
Coriander,27-Jul,Split Eagle + 5% GST,Unjha(Gujarat),79
Coriander,27-Jul,Split Eagle plus + 5% GST,Unjha(Gujarat),68
Coriander,27-Jul,Split Scooter + 5% GST,Unjha(Gujarat),70
Coriander,27-Jul,Small Eagle plus(royal) + 5% GST,Unjha(Gujarat),88
Coriander,27-Jul,Small Scooter (seven star)+ 5% GST,Unjha(Gujarat),98
Coriander,27-Jul,Small Single parrot (ever green) + 5% GST,Unjha(Gujarat),128
Dry Chilli,27-Jul,SANIYA SUPER DELUX WITH STEM,Jodhpur(Rajasthan),260
Dry Chilli,27-Jul,SANIYA SUPER DELUX STEMLESS,Jodhpur(Rajasthan),320
Dry Chilli,27-Jul,REVA SUPER DELUX WITH STEAM,Jodhpur(Rajasthan),290
Dry Chilli,27-Jul,WONDERHOT PLAIN DOUBLE PATTA DELUX WITH STEM,Jodhpur(Rajasthan),360
Dry Chilli,27-Jul,WONDERHOT SINGAL PATTA WITH STEM,Jodhpur(Rajasthan),320
Turmeric,27-Jul,TURMARIC NIZAMABAD DOUBLE POLICE,Jodhpur(Rajasthan),120
Turmeric,27-Jul,NIZAMABAD DOUBLE POLISH,Jodhpur(Rajasthan),125
Turmeric,27-Jul,SALAM FALI VASHNAVI 108 BRAND,Jodhpur(Rajasthan),120
Turmeric,27-Jul,NIZAMABAD GATHHA DOUBLE POLICE,Jodhpur(Rajasthan),125
Turmeric,27-Jul,SALEM GATHHA,Jodhpur(Rajasthan),122
Turmeric,27-Jul,TURMARIC NIZAMABAD DOUBLE POLICE,Jodhpur(Rajasthan),120
Turmeric,27-Jul,SALEM SINGAL POLICE,Jodhpur(Rajasthan),125
Turmeric,27-Jul,NIZAMABAD GATTHA DOUBLE POLICE,Jodhpur(Rajasthan),120
Turmeric,27-Jul,AADITYA 501 IROD GATTHA,Jodhpur(Rajasthan),125
Turmeric,28-Jul,Turmeric Finger Selum,Nanded(Maharashtra),160
Turmeric,28-Jul,Bulb Selum Premium Export Quality,Nanded(Maharashtra),150
Turmeric,28-Jul,Turmeric powder best quality,Baroda(Gujarat),100
Dry Chilli,28-Jul,Chilli powder,Baroda(Gujarat),280
Dry Chilli,28-Jul,Chilli flake,Baroda(Gujarat),290
Turmeric,28-Jul,Turmeric finger,Baroda(Gujarat),110
Coriander,28-Jul,Coriander seeds,Baroda(Gujarat),110
Coriander,28-Jul,Coriander powder,Baroda(Gujarat),100
Cumin seeds,28-Jul,Cumin Seeds Singapore 99,Baroda(Gujarat),600
Cumin seeds,28-Jul,Cumin Seeds Powder,Baroda(Gujarat),400
Dry Chilli,28-Jul,saniya deluxe,Jodhpur(Rajasthan),250
Dry Chilli,28-Jul,Dry Chilli Powder,Malad East,280
Turmeric,28-Jul,Turmeric Powder,Malad East,150
Coriander,28-Jul,Coriander Powder,Malad East,170
Dry Chilli,28-Jul,Kashmiri Mirch Powder,Malad East,730
Dry Chilli,28-Jul,Bedgi Mirch,Malad East,540
Dry Chilli,28-Jul,Kashmiri Mirch,Malad East,650
Dry Chilli,28-Jul,Lavangi Mirch,Malad East,260
Coriander,28-Jul,Dhaniya(Coriander),Malad East,140
Coriander,28-Jul,"Coriander Seeds Eagle,GST & Freight extra at actual",Pratapgarh(Rajasthan),75
Coriander,28-Jul,"Coriander Seeds Badami,GST & Freight extra at actual",Pratapgarh(Rajasthan),67
Cumin seeds,28-Jul,Singapore 99,Pratapgarh(Rajasthan),628
Turmeric,28-Jul,Turmeric powder Curcumin content- around 3 % Moisture- less than5%,Sangli(Maharashtra),125
Dry Chilli,28-Jul,"Dry Red Chilli with stem,Deluxe Quality",Sangli(Maharashtra),250
Dry Chilli,28-Jul,SANIYA SUPER DELUX WITH STEM,Jodhpur(Rajasthan),260
Dry Chilli,28-Jul,SANIYA SUPER DELUX STEMLESS,Jodhpur(Rajasthan),320
Dry Chilli,28-Jul,REVA SUPER DELUX WITH STEAM,Jodhpur(Rajasthan),290
Dry Chilli,28-Jul,WONDERHOT PLAIN DOUBLE PATTA DELUX WITH STEM,Jodhpur(Rajasthan),360
Dry Chilli,28-Jul,WONDERHOT SINGAL PATTA WITH STEM,Jodhpur(Rajasthan),320
Turmeric,28-Jul,TURMARIC NIZAMABAD DOUBLE POLICE,Jodhpur(Rajasthan),120
Turmeric,28-Jul,NIZAMABAD DOUBLE POLISH,Jodhpur(Rajasthan),125
Turmeric,28-Jul,SALAM FALI VASHNAVI 108 BRAND,Jodhpur(Rajasthan),120
Turmeric,28-Jul,NIZAMABAD GATHHA DOUBLE POLICE,Jodhpur(Rajasthan),125
Turmeric,28-Jul,SALEM GATHHA,Jodhpur(Rajasthan),122
Turmeric,28-Jul,TURMARIC NIZAMABAD DOUBLE POLICE,Jodhpur(Rajasthan),120
Turmeric,28-Jul,SALEM SINGAL POLICE,Jodhpur(Rajasthan),125
Turmeric,28-Jul,NIZAMABAD GATTHA DOUBLE POLICE,Jodhpur(Rajasthan),120
Turmeric,28-Jul,AADITYA 501 IROD GATTHA,Jodhpur(Rajasthan),125
Cumin seeds,28-Jul,singapor-99.99,Rajkot(Gujarat),604
Cumin seeds,28-Jul,europe quality,Rajkot(Gujarat),612
Cumin seeds,28-Jul,third grade,Rajkot(Gujarat),592
Coriander,28-Jul,Eagle,Rajkot(Gujarat),91
Coriander,28-Jul,Eagle+,Rajkot(Gujarat),95
Coriander,28-Jul,Scooter,Rajkot(Gujarat),82
Coriander,28-Jul,Quality Scooter,Mundra-port(Gujarat),98
Dry Chilli,28-Jul,Dehydrated Red Chilli powder,Shirdi(Maharashtra),250
Cumin seeds,28-Jul,Dehydrated Cumin powder,Shirdi(Maharashtra),360
Turmeric,28-Jul,1%,Shirdi(Maharashtra),90
Turmeric,28-Jul,1.50%,Shirdi(Maharashtra),100
Turmeric,28-Jul,2%,Shirdi(Maharashtra),105
Turmeric,28-Jul,2.50%,Shirdi(Maharashtra),110
Turmeric,28-Jul,3%,Shirdi(Maharashtra),115
Turmeric,28-Jul,4%,Shirdi(Maharashtra),120
Turmeric,28-Jul,5%,Shirdi(Maharashtra),135
Dry Chilli,28-Jul,Kashmiri red chilli,Shirdi(Maharashtra),490
Dry Chilli,28-Jul,Tikhala chilli powder (diamond),Shirdi(Maharashtra),310
Dry Chilli,28-Jul,Tikhala chilli powder (platinum),Shirdi(Maharashtra),290
Cumin seeds,28-Jul,Cumin Seeds,Kolkata(West Bengal),610
Cumin seeds,28-Jul,Cumin Seeds,Kolkata(West Bengal),540
Cumin seeds,28-Jul,A grade,Unjha(Gujarat),630
Cumin seeds,28-Jul,Singapore 99,Kanpur(Uttar Pradesh),705
Coriander,28-Jul,Eagle,Rajkot(Gujarat),84
Coriander,28-Jul,Eagle plus,Rajkot(Gujarat),86
Coriander,28-Jul,Scooter,Rajkot(Gujarat),94
Coriander,28-Jul,Scooter plus,Rajkot(Gujarat),96
Coriander,28-Jul,Single parrot,Rajkot(Gujarat),106
Coriander,28-Jul,Eagle Split,Rajkot(Gujarat),80
Cumin seeds,28-Jul,Extra bold + 5% GST,Unjha(Gujarat),680
Cumin seeds,28-Jul,Diamond + 5% GST,Unjha(Gujarat),655
Cumin seeds,28-Jul,Bombay bold + 5% GST,Unjha(Gujarat),640
Cumin seeds,28-Jul,Jupiter + 5% GST,Unjha(Gujarat),630
Cumin seeds,28-Jul,Vivo + 5% GST,Unjha(Gujarat),620
Coriander,28-Jul,Bold Eagle + 5% GST,Unjha(Gujarat),81
Coriander,28-Jul,Bold Eagle plus + 5% GST,Unjha(Gujarat),84
Coriander,28-Jul,Bold Scooter + 5% GST,Unjha(Gujarat),90
Coriander,28-Jul,Bold Scooter plus + 5% GST,Unjha(Gujarat),93
Coriander,28-Jul,Bold Diamond + 5% GST,Unjha(Gujarat),109
Coriander,28-Jul,Bold Singal parrot + 5% GST,Unjha(Gujarat),105
Coriander,28-Jul,Split Eagle + 5% GST,Unjha(Gujarat),79
Coriander,28-Jul,Split Eagle plus + 5% GST,Unjha(Gujarat),68
Coriander,28-Jul,Split Scooter + 5% GST,Unjha(Gujarat),70
Coriander,28-Jul,Small Eagle plus(royal) + 5% GST,Unjha(Gujarat),89
Coriander,28-Jul,Small Scooter (seven star)+ 5% GST,Unjha(Gujarat),98
Coriander,28-Jul,Small Single parrot (ever green) + 5% GST,Unjha(Gujarat),129
Coriander,28-Jul,Badami loose,Ramganj-Mandi(Rajasthan),50-68
Coriander,28-Jul,Eagle loose,Ramganj-Mandi(Rajasthan),68-79
Coriander,28-Jul,Scooter loose,Ramganj-Mandi(Rajasthan),80-95
Coriander,28-Jul,Double parrot and extra green,Ramganj-Mandi(Rajasthan),95+
Coriander,28-Jul,Dal(Eagle),Ramganj-Mandi(Rajasthan),78
Coriander,28-Jul,Eagle,Ramganj-Mandi(Rajasthan),87
Coriander,28-Jul,Scooter,Ramganj-Mandi(Rajasthan),110
Coriander,28-Jul,Single Parrot,Ramganj-Mandi(Rajasthan),130
Coriander,28-Jul,Eagle Split,Ramganj-Mandi(Rajasthan),78
Coriander,28-Jul,Eagle Machine Clean,Ramganj-Mandi(Rajasthan),90
Coriander,28-Jul,Scooter Machine Clean,Ramganj-Mandi(Rajasthan),115
Cumin seeds,28-Jul,CUMIN POWDER,Rajkot(Gujarat),806
Coriander,28-Jul,CORIANDER POWDER,Rajkot(Gujarat),186
Turmeric,28-Jul,TURMERIC POWDER,Rajkot(Gujarat),112
Dry Chilli,28-Jul,RED CHILLY POWDER KASHMIR,Rajkot(Gujarat),930
Dry Chilli,28-Jul,RED CHILLY POWDER REGULAR,Rajkot(Gujarat),434
Dry Chilli,28-Jul,RED CHILLY POWDER TEJA,Rajkot(Gujarat),410
Dry Chilli,28-Jul,RED CHILLY POWDER LOWEST,Rajkot(Gujarat),286
Turmeric,29-Jul,Turmeric Finger Selum,Nanded(Maharashtra),160
Turmeric,29-Jul,Bulb Selum Premium Export Quality,Nanded(Maharashtra),150
Turmeric,29-Jul,Turmeric powder best quality,Baroda(Gujarat),100
Dry Chilli,29-Jul,Chilli powder,Baroda(Gujarat),280
Dry Chilli,29-Jul,Chilli flake,Baroda(Gujarat),290
Turmeric,29-Jul,Turmeric finger,Baroda(Gujarat),110
Coriander,29-Jul,Coriander seeds,Baroda(Gujarat),110
Coriander,29-Jul,Coriander powder,Baroda(Gujarat),100
Cumin seeds,29-Jul,Cumin Seeds Singapore 99,Baroda(Gujarat),600
Cumin seeds,29-Jul,Cumin Seeds Powder,Baroda(Gujarat),400
Dry Chilli,29-Jul,saniya deluxe,Jodhpur(Rajasthan),250
Dry Chilli,29-Jul,Dry Chilli Powder,Malad East,280
Turmeric,29-Jul,Turmeric Powder,Malad East,150
Coriander,29-Jul,Coriander Powder,Malad East,170
Dry Chilli,29-Jul,Kashmiri Mirch Powder,Malad East,730
Dry Chilli,29-Jul,Bedgi Mirch,Malad East,540
Dry Chilli,29-Jul,Kashmiri Mirch,Malad East,650
Dry Chilli,29-Jul,Lavangi Mirch,Malad East,260
Coriander,29-Jul,Dhaniya(Coriander),Malad East,140
Coriander,29-Jul,"Coriander Seeds Eagle,GST & Freight extra at actual",Pratapgarh(Rajasthan),75
Coriander,29-Jul,"Coriander Seeds Badami,GST & Freight extra at actual",Pratapgarh(Rajasthan),67
Cumin seeds,29-Jul,Singapore 99,Pratapgarh(Rajasthan),628
Turmeric,29-Jul,Turmeric powder Curcumin content- around 3 % Moisture- less than5%,Sangli(Maharashtra),125
Dry Chilli,29-Jul,"Dry Red Chilli with stem,Deluxe Quality",Sangli(Maharashtra),250
Dry Chilli,29-Jul,SANIYA SUPER DELUX WITH STEM,Jodhpur(Rajasthan),260
Dry Chilli,29-Jul,SANIYA SUPER DELUX STEMLESS,Jodhpur(Rajasthan),320
Dry Chilli,29-Jul,REVA SUPER DELUX WITH STEAM,Jodhpur(Rajasthan),290
Dry Chilli,29-Jul,WONDERHOT PLAIN DOUBLE PATTA DELUX WITH STEM,Jodhpur(Rajasthan),360
Dry Chilli,29-Jul,WONDERHOT SINGAL PATTA WITH STEM,Jodhpur(Rajasthan),320
Turmeric,29-Jul,TURMARIC NIZAMABAD DOUBLE POLICE,Jodhpur(Rajasthan),120
Turmeric,29-Jul,NIZAMABAD DOUBLE POLISH,Jodhpur(Rajasthan),125
Turmeric,29-Jul,SALAM FALI VASHNAVI 108 BRAND,Jodhpur(Rajasthan),120
Turmeric,29-Jul,NIZAMABAD GATHHA DOUBLE POLICE,Jodhpur(Rajasthan),125
Turmeric,29-Jul,SALEM GATHHA,Jodhpur(Rajasthan),122
Turmeric,29-Jul,TURMARIC NIZAMABAD DOUBLE POLICE,Jodhpur(Rajasthan),120
Turmeric,29-Jul,SALEM SINGAL POLICE,Jodhpur(Rajasthan),125
Turmeric,29-Jul,NIZAMABAD GATTHA DOUBLE POLICE,Jodhpur(Rajasthan),120
Turmeric,29-Jul,AADITYA 501 IROD GATTHA,Jodhpur(Rajasthan),125
Cumin seeds,29-Jul,singapor-99.99,Rajkot(Gujarat),604
Cumin seeds,29-Jul,europe quality,Rajkot(Gujarat),612
Cumin seeds,29-Jul,third grade,Rajkot(Gujarat),592
Coriander,29-Jul,Eagle,Rajkot(Gujarat),91
Coriander,29-Jul,Eagle+,Rajkot(Gujarat),95
Coriander,29-Jul,Scooter,Rajkot(Gujarat),82
Coriander,29-Jul,Quality Scooter,Mundra-port(Gujarat),98
Dry Chilli,29-Jul,Dehydrated Red Chilli powder,Shirdi(Maharashtra),250
Cumin seeds,29-Jul,Dehydrated Cumin powder,Shirdi(Maharashtra),360
Turmeric,29-Jul,1%,Shirdi(Maharashtra),90
Turmeric,29-Jul,1.50%,Shirdi(Maharashtra),100
Turmeric,29-Jul,2%,Shirdi(Maharashtra),105
Turmeric,29-Jul,2.50%,Shirdi(Maharashtra),110
Turmeric,29-Jul,3%,Shirdi(Maharashtra),115
Turmeric,29-Jul,4%,Shirdi(Maharashtra),120
Turmeric,29-Jul,5%,Shirdi(Maharashtra),135
Dry Chilli,29-Jul,Kashmiri red chilli,Shirdi(Maharashtra),490
Dry Chilli,29-Jul,Tikhala chilli powder (diamond),Shirdi(Maharashtra),310
Dry Chilli,29-Jul,Tikhala chilli powder (platinum),Shirdi(Maharashtra),290
Cumin seeds,29-Jul,Cumin Seeds,Kolkata(West Bengal),610
Cumin seeds,29-Jul,Cumin Seeds,Kolkata(West Bengal),540
Cumin seeds,29-Jul,A grade,Unjha(Gujarat),630
Cumin seeds,29-Jul,Singapore 99,Kanpur(Uttar Pradesh),705
Coriander,29-Jul,Eagle,Rajkot(Gujarat),84
Coriander,29-Jul,Eagle plus,Rajkot(Gujarat),86
Coriander,29-Jul,Scooter,Rajkot(Gujarat),94
Coriander,29-Jul,Scooter plus,Rajkot(Gujarat),96
Coriander,29-Jul,Single parrot,Rajkot(Gujarat),106
Coriander,29-Jul,Eagle Split,Rajkot(Gujarat),80
Cumin seeds,29-Jul,Extra bold + 5% GST,Unjha(Gujarat),675
Cumin seeds,29-Jul,Diamond + 5% GST,Unjha(Gujarat),650
Cumin seeds,29-Jul,Bombay bold + 5% GST,Unjha(Gujarat),635
Cumin seeds,29-Jul,Jupiter + 5% GST,Unjha(Gujarat),625
Cumin seeds,29-Jul,Vivo + 5% GST,Unjha(Gujarat),615
Coriander,29-Jul,Bold Eagle + 5% GST,Unjha(Gujarat),81
Coriander,29-Jul,Bold Eagle plus + 5% GST,Unjha(Gujarat),84
Coriander,29-Jul,Bold Scooter + 5% GST,Unjha(Gujarat),90
Coriander,29-Jul,Bold Scooter plus + 5% GST,Unjha(Gujarat),93
Coriander,29-Jul,Bold Diamond + 5% GST,Unjha(Gujarat),109
Coriander,29-Jul,Bold Singal parrot + 5% GST,Unjha(Gujarat),105
Coriander,29-Jul,Split Eagle + 5% GST,Unjha(Gujarat),89
Coriander,29-Jul,Split Eagle plus + 5% GST,Unjha(Gujarat),98
Coriander,29-Jul,Split Scooter + 5% GST,Unjha(Gujarat),70
Coriander,29-Jul,Small Eagle plus(royal) + 5% GST,Unjha(Gujarat),89
Coriander,29-Jul,Small Scooter (seven star)+ 5% GST,Unjha(Gujarat),98
Coriander,29-Jul,Small Single parrot (ever green) + 5% GST,Unjha(Gujarat),129
Coriander,29-Jul,Badami loose,Ramganj-Mandi(Rajasthan),50-68
Coriander,29-Jul,Eagle loose,Ramganj-Mandi(Rajasthan),68-79
Coriander,29-Jul,Scooter loose,Ramganj-Mandi(Rajasthan),80-95
Coriander,29-Jul,Double parrot and extra green,Ramganj-Mandi(Rajasthan),95+
Coriander,29-Jul,Dal(Eagle),Ramganj-Mandi(Rajasthan),78
Coriander,29-Jul,Eagle,Ramganj-Mandi(Rajasthan),87
Coriander,29-Jul,Scooter,Ramganj-Mandi(Rajasthan),110
Coriander,29-Jul,Single Parrot,Ramganj-Mandi(Rajasthan),130
Coriander,29-Jul,Eagle Split,Ramganj-Mandi(Rajasthan),78
Coriander,29-Jul,Eagle Machine Clean,Ramganj-Mandi(Rajasthan),90
Coriander,29-Jul,Scooter Machine Clean,Ramganj-Mandi(Rajasthan),115
Cumin seeds,29-Jul,CUMIN POWDER,Rajkot(Gujarat),806
Coriander,29-Jul,CORIANDER POWDER,Rajkot(Gujarat),186
Turmeric,29-Jul,TURMERIC POWDER,Rajkot(Gujarat),112
Dry Chilli,29-Jul,RED CHILLY POWDER KASHMIR,Rajkot(Gujarat),930
Dry Chilli,29-Jul,RED CHILLY POWDER REGULAR,Rajkot(Gujarat),434
Dry Chilli,29-Jul,RED CHILLY POWDER TEJA,Rajkot(Gujarat),410
Dry Chilli,29-Jul,RED CHILLY POWDER LOWEST,Rajkot(Gujarat),286
Turmeric,31-Jul,Turmeric Finger Selum,Nanded(Maharashtra),160
Turmeric,31-Jul,Bulb Selum Premium Export Quality,Nanded(Maharashtra),150
Coriander,31-Jul,Quality Scooter,Mundra-port(Gujarat),100
Dry Chilli,31-Jul,Dry Chilli Powder,Malad East,280
Turmeric,31-Jul,Turmeric Powder,Malad East,150
Coriander,31-Jul,Coriander Powder,Malad East,170
Dry Chilli,31-Jul,Kashmiri Mirch Powder,Malad East,730
Dry Chilli,31-Jul,Bedgi Mirch,Malad East,540
Dry Chilli,31-Jul,Kashmiri Mirch,Malad East,650
Dry Chilli,31-Jul,Lavangi Mirch,Malad East,260
Coriander,31-Jul,Dhaniya(Coriander),Malad East,140
Cumin seeds,31-Jul,Singapore 99,Kanpur(Uttar Pradesh),700
Turmeric,31-Jul,Turmeric powder Curcumin content- around 3 % Moisture- less than5%,Sangli(Maharashtra),125
Cumin seeds,31-Jul,Cumin Seeds,Kolkata(West Bengal),610
Cumin seeds,31-Jul,Cumin Seeds,Kolkata(West Bengal),540
Cumin seeds,31-Jul,A grade,Unjha(Gujarat),630
Cumin seeds,31-Jul,Extra bold + 5% GST,Unjha(Gujarat),675
Cumin seeds,31-Jul,Diamond + 5% GST,Unjha(Gujarat),645
Cumin seeds,31-Jul,Bombay bold + 5% GST,Unjha(Gujarat),630
Cumin seeds,31-Jul,Jupiter + 5% GST,Unjha(Gujarat),620
Cumin seeds,31-Jul,Vivo + 5% GST,Unjha(Gujarat),610
Coriander,31-Jul,Bold Eagle + 5% GST,Unjha(Gujarat),81
Coriander,31-Jul,Bold Eagle plus + 5% GST,Unjha(Gujarat),85
Coriander,31-Jul,Bold Scooter + 5% GST,Unjha(Gujarat),91
Coriander,31-Jul,Bold Scooter plus + 5% GST,Unjha(Gujarat),94
Coriander,31-Jul,Bold Diamond + 5% GST,Unjha(Gujarat),110
Coriander,31-Jul,Bold Singal parrot + 5% GST,Unjha(Gujarat),105
Coriander,31-Jul,Split Eagle + 5% GST,Unjha(Gujarat),89
Coriander,31-Jul,Split Eagle plus + 5% GST,Unjha(Gujarat),98
Coriander,31-Jul,Split Scooter + 5% GST,Unjha(Gujarat),70
Coriander,31-Jul,Small Eagle plus(royal) + 5% GST,Unjha(Gujarat),90
Coriander,31-Jul,Small Scooter (seven star)+ 5% GST,Unjha(Gujarat),100
Coriander,31-Jul,Small Single parrot (ever green) + 5% GST,Unjha(Gujarat),130
Coriander,31-Jul,Eagle,Rajkot(Gujarat),84
Coriander,31-Jul,Eagle plus,Rajkot(Gujarat),86
Coriander,31-Jul,Scooter,Rajkot(Gujarat),94
Coriander,31-Jul,Scooter plus,Rajkot(Gujarat),96
Coriander,31-Jul,Single parrot,Rajkot(Gujarat),106
Coriander,31-Jul,Eagle Split,Rajkot(Gujarat),80
Cumin seeds,31-Jul,CUMIN POWDER,Rajkot(Gujarat),806
Coriander,31-Jul,CORIANDER POWDER,Rajkot(Gujarat),186
Turmeric,31-Jul,TURMERIC POWDER,Rajkot(Gujarat),112
Dry Chilli,31-Jul,RED CHILLY POWDER KASHMIR,Rajkot(Gujarat),930
Dry Chilli,31-Jul,RED CHILLY POWDER REGULAR,Rajkot(Gujarat),434
Dry Chilli,31-Jul,RED CHILLY POWDER TEJA,Rajkot(Gujarat),410
Dry Chilli,31-Jul,RED CHILLY POWDER LOWEST,Rajkot(Gujarat),286
Turmeric,31-Jul,Turmeric powder best quality,Baroda(Gujarat),100
Dry Chilli,31-Jul,Chilli powder,Baroda(Gujarat),280
Dry Chilli,31-Jul,Chilli flake,Baroda(Gujarat),290
Turmeric,31-Jul,Turmeric finger,Baroda(Gujarat),110
Coriander,31-Jul,Coriander seeds,Baroda(Gujarat),110
Coriander,31-Jul,Coriander powder,Baroda(Gujarat),100
Cumin seeds,31-Jul,Cumin Seeds Singapore 99,Baroda(Gujarat),600
Cumin seeds,31-Jul,Cumin Seeds Powder,Baroda(Gujarat),400
Dry Chilli,31-Jul,saniya deluxe,Jodhpur(Rajasthan),250
Turmeric,31-Jul,Selam Finger,Orissa,133
Coriander,31-Jul,Badami loose,Ramganj-Mandi(Rajasthan),50-71
Coriander,31-Jul,Eagle loose,Ramganj-Mandi(Rajasthan),71-80
Coriander,31-Jul,Scooter loose,Ramganj-Mandi(Rajasthan),80-95
Coriander,31-Jul,Double parrot and extra green,Ramganj-Mandi(Rajasthan),95+
Coriander,31-Jul,Dal(Eagle),Ramganj-Mandi(Rajasthan),78
Coriander,31-Jul,Eagle,Ramganj-Mandi(Rajasthan),90
Coriander,31-Jul,Scooter,Ramganj-Mandi(Rajasthan),110
Dry Chilli,31-Jul,Teja,Orissa,238
Coriander,9-Aug,"Coriander Seeds Eagle,GST & Freight extra at actual",Pratapgarh(Rajasthan),78
Coriander,9-Aug,"Coriander Seeds Badami,GST & Freight extra at actual",Pratapgarh(Rajasthan),68
Cumin seeds,9-Aug,Singapore 99,Pratapgarh(Rajasthan),620
Cumin seeds,9-Aug,Singapore 99,Kanpur(Uttar Pradesh),710
Cumin seeds,9-Aug,A grade,Unjha(Gujarat),630
Cumin seeds,9-Aug,Singapore 99,Unjha(Gujarat),637
Cumin seeds,9-Aug,Extra bold + 5% GST,Unjha(Gujarat),698
Cumin seeds,9-Aug,Diamond + 5% GST,Unjha(Gujarat),668
Cumin seeds,9-Aug,Bombay bold + 5% GST,Unjha(Gujarat),653
Cumin seeds,9-Aug,Jupiter + 5% GST,Unjha(Gujarat),643
Cumin seeds,9-Aug,Vivo + 5% GST,Unjha(Gujarat),633
Coriander,9-Aug,Bold Eagle + 5% GST,Unjha(Gujarat),81
Coriander,9-Aug,Bold Eagle plus + 5% GST,Unjha(Gujarat),85
Coriander,9-Aug,Bold Scooter + 5% GST,Unjha(Gujarat),91
Coriander,9-Aug,Bold Scooter plus + 5% GST,Unjha(Gujarat),94
Coriander,9-Aug,Bold Diamond + 5% GST,Unjha(Gujarat),110
Coriander,9-Aug,Bold Singal parrot + 5% GST,Unjha(Gujarat),105
Coriander,9-Aug,Split Eagle + 5% GST,Unjha(Gujarat),89
Coriander,9-Aug,Split Eagle plus + 5% GST,Unjha(Gujarat),98
Coriander,9-Aug,Split Scooter + 5% GST,Unjha(Gujarat),70
Coriander,9-Aug,Small Eagle plus(royal) + 5% GST,Unjha(Gujarat),90
Coriander,9-Aug,Small Scooter (seven star)+ 5% GST,Unjha(Gujarat),100
Coriander,9-Aug,Small Single parrot (ever green) + 5% GST,Unjha(Gujarat),130
Dry Chilli,9-Aug,Dry Chilli Powder,Malad East,280
Turmeric,9-Aug,Turmeric Powder,Malad East,150
Coriander,9-Aug,Coriander Powder,Malad East,170
Dry Chilli,9-Aug,Kashmiri Mirch Powder,Malad East,730
Dry Chilli,9-Aug,Bedgi Mirch,Malad East,540
Dry Chilli,9-Aug,Kashmiri Mirch,Malad East,650
Dry Chilli,9-Aug,Lavangi Mirch,Malad East,260
Coriander,9-Aug,Akha Rai,Malad East,130
Coriander,9-Aug,Dhaniya(Coriander),Malad East,140
Coriander,9-Aug,Eagle Split,Gondal (Gujarat),76
Coriander,9-Aug,Eagle,Gondal (Gujarat),82
Coriander,9-Aug,Eagle Plus,Gondal (Gujarat),83
Coriander,9-Aug,Scooter,Gondal (Gujarat),93
Coriander,9-Aug,Scooter Plus,Gondal (Gujarat),95
Coriander,9-Aug,Single Parrot,Gondal (Gujarat),99
Dry Chilli,9-Aug,Chilli Powder (Kashmiri),Deesa(Gujarat),500-800
Dry Chilli,9-Aug,Chilli Powder (A Grade),Deesa(Gujarat),300
Dry Chilli,9-Aug,Chilli Powder (B Grade),Deesa(Gujarat),290
Dry Chilli,9-Aug,Chilli Powder (C Grade),Deesa(Gujarat),250
Dry Chilli,9-Aug,Chilli Powder (D Grade),Deesa(Gujarat),160
Dry Chilli,9-Aug,Chilli Powder (Russia Grade),Deesa(Gujarat),120-140
Dry Chilli,9-Aug,Chilli Flakes (Low),Deesa(Gujarat),230
Dry Chilli,9-Aug,Chilli Flakes (Medium),Deesa(Gujarat),260
Dry Chilli,9-Aug,Chilli Flakes (Reguler),Deesa(Gujarat),290
Dry Chilli,9-Aug,Chilli Flakes (Deluxe),Deesa(Gujarat),330
Cumin seeds,9-Aug,Cumin Powder (Premium),Deesa(Gujarat),690
Cumin seeds,9-Aug,Cumin Powder (Medium),Deesa(Gujarat),580
Cumin seeds,9-Aug,Cumin Powder (Regular),Deesa(Gujarat),525
Cumin seeds,9-Aug,Cumin Powder (Low),Deesa(Gujarat),400-490
Coriander,9-Aug,Coriander Powder (Premium),Deesa(Gujarat),135
Coriander,9-Aug,Coriander Powder (Medium),Deesa(Gujarat),115
Coriander,9-Aug,Coriander Powder (Regular),Deesa(Gujarat),100
Coriander,9-Aug,Coriander Powder (Low),Deesa(Gujarat),70-90
Turmeric,9-Aug,1 % CURCUMIN,Deesa(Gujarat),100
Turmeric,9-Aug,1.5% CURCUMIN,Deesa(Gujarat),111
Turmeric,9-Aug,2% CURCUMIN,Deesa(Gujarat),124
Turmeric,9-Aug,2.5% CURCUMIN,Deesa(Gujarat),135
Turmeric,9-Aug,3% CURCUMIN,Deesa(Gujarat),149
Coriander,9-Aug,Badami,Kota(Rajasthan),75
Turmeric,9-Aug,"Single Polished, around 5% CURCUMIN",Behrampur(Odisha),81
Turmeric,9-Aug,"Double Polished, around 5% CURCUMIN",Behrampur(Odisha),84
Turmeric,9-Aug,Turmeric powder Curcumin content- around 3 % Moisture- less than5%,Sangli(Maharashtra),128
Dry Chilli,9-Aug,Chilli flake,Baroda(Gujarat),290
Turmeric,9-Aug,Turmeric finger,Baroda(Gujarat),110
Coriander,9-Aug,Coriander seeds,Baroda(Gujarat),110
Coriander,9-Aug,Coriander powder,Baroda(Gujarat),100
Cumin seeds,9-Aug,Cumin Seeds Singapore 99,Baroda(Gujarat),600
Cumin seeds,9-Aug,Cumin Seeds Powder,Baroda(Gujarat),400
Dry Chilli,9-Aug,Teja S-17 with Stem,Guntur,230
Dry Chilli,9-Aug,Teja S-17 with Stem (deluxe),Raipur,270
Dry Chilli,9-Aug,Kashmiri red chilli,Shirdi(Maharashtra),490
Dry Chilli,9-Aug,Tikhala chilli powder (diamond),Shirdi(Maharashtra),310
Dry Chilli,9-Aug,Tikhala chilli powder (platinum),Shirdi(Maharashtra),290
Dry Chilli,9-Aug,Red Chilli powder,Shirdi(Maharashtra),290
Cumin seeds,9-Aug,Cumin powder,Shirdi(Maharashtra),380
Turmeric,9-Aug,1%,Shirdi(Maharashtra),95
Turmeric,9-Aug,1.50%,Shirdi(Maharashtra),105
Turmeric,9-Aug,2%,Shirdi(Maharashtra),110
Turmeric,9-Aug,2.50%,Shirdi(Maharashtra),115
Turmeric,9-Aug,3%,Shirdi(Maharashtra),120
Turmeric,9-Aug,4%,Shirdi(Maharashtra),125
Turmeric,9-Aug,5%,Shirdi(Maharashtra),140
Dry Chilli,9-Aug,SANIYA SUP DEL.WITH STEM,Jodhpur(Rajasthan),260
Dry Chilli,9-Aug,SANIYA SUP.DEL.WITHOUT STEM,Jodhpur(Rajasthan),320
Dry Chilli,9-Aug,REVA SUP.DEL.WITH STEM,Jodhpur(Rajasthan),290
Dry Chilli,9-Aug,WONDERHOT DOUBLE PATTA SUPER DELUX WITH STEM,Jodhpur(Rajasthan),360
Dry Chilli,9-Aug,WONDERHOT SINGAL PATTA DELUX WITH STEM,Jodhpur(Rajasthan),320
Turmeric,9-Aug,Haldi Nizamabad gulab brand,Jodhpur(Rajasthan),150
Turmeric,9-Aug,Haldi Salem singal polish,Jodhpur(Rajasthan),145
Turmeric,9-Aug,Haldi GATHHA police,Jodhpur(Rajasthan),140